network_i,topology,aval_i,seed_node,e_w_mult,e_w,i_w,theta,slope,p_ext,N,dt,max_steps,n_edges,n_edges_E,n_edges_I,size,duration_steps,duration_time,peak_active,active_steps,censored
0,hiermod,0,1341,0.5,10.70575,21.675,7.5,2.25,0.0,2000,0.01,1000,1742,1398,344,350,89,0.89,14,79,False
0,hiermod,1,1626,0.5,10.70575,21.675,7.5,2.25,0.0,2000,0.01,1000,1742,1398,344,353,103,1.03,11,94,False
0,hiermod,2,1579,0.5,10.70575,21.675,7.5,2.25,0.0,2000,0.01,1000,1742,1398,344,579,148,1.48,12,138,False
0,hiermod,3,1911,0.5,10.70575,21.675,7.5,2.25,0.0,2000,0.01,1000,1742,1398,344,349,83,0.8300000000000001,12,76,False
0,hiermod,4,419,0.5,10.70575,21.675,7.5,2.25,0.0,2000,0.01,1000,1742,1398,344,529,175,1.75,10,159,False
0,hiermod,5,1133,0.5,10.70575,21.675,7.5,2.25,0.0,2000,0.01,1000,1742,1398,344,585,173,1.73,13,165,False
0,hiermod,6,599,0.5,10.70575,21.675,7.5,2.25,0.0,2000,0.01,1000,1742,1398,344,4,5,0.05,2,3,False
0,hiermod,7,1988,0.5,10.70575,21.675,7.5,2.25,0.0,2000,0.01,1000,1742,1398,344,51,30,0.3,6,24,False
0,hiermod,8,1846,0.5,10.70575,21.675,7.5,2.25,0.0,2000,0.01,1000,1742,1398,344,762,212,2.12,15,199,False
0,hiermod,9,795,0.5,10.70575,21.675,7.5,2.25,0.0,2000,0.01,1000,1742,1398,344,279,86,0.86,12,76,False
0,hiermod,10,1374,0.5,10.70575,21.675,7.5,2.25,0.0,2000,0.01,1000,1742,1398,344,551,138,1.3800000000000001,11,132,False
0,hiermod,11,899,0.5,10.70575,21.675,7.5,2.25,0.0,2000,0.01,1000,1742,1398,344,435,122,1.22,15,112,False
0,hiermod,12,721,0.5,10.70575,21.675,7.5,2.25,0.0,2000,0.01,1000,1742,1398,344,227,53,0.53,14,51,False
0,hiermod,13,948,0.5,10.70575,21.675,7.5,2.25,0.0,2000,0.01,1000,1742,1398,344,155,34,0.34,10,32,False
0,hiermod,14,300,0.5,10.70575,21.675,7.5,2.25,0.0,2000,0.01,1000,1742,1398,344,1680,453,4.53,16,424,False
0,hiermod,15,1851,0.5,10.70575,21.675,7.5,2.25,0.0,2000,0.01,1000,1742,1398,344,81,35,0.35000000000000003,5,29,False
0,hiermod,16,192,0.5,10.70575,21.675,7.5,2.25,0.0,2000,0.01,1000,1742,1398,344,1680,442,4.42,15,414,False
0,hiermod,17,746,0.5,10.70575,21.675,7.5,2.25,0.0,2000,0.01,1000,1742,1398,344,3086,871,8.71,17,817,False
0,hiermod,18,1515,0.5,10.70575,21.675,7.5,2.25,0.0,2000,0.01,1000,1742,1398,344,58,23,0.23,6,19,False
0,hiermod,19,1746,0.5,10.70575,21.675,7.5,2.25,0.0,2000,0.01,1000,1742,1398,344,857,250,2.5,13,231,False
0,hiermod,20,1303,0.5,10.70575,21.675,7.5,2.25,0.0,2000,0.01,1000,1742,1398,344,855,242,2.42,10,217,False
0,hiermod,21,51,0.5,10.70575,21.675,7.5,2.25,0.0,2000,0.01,1000,1742,1398,344,182,58,0.58,8,55,False
0,hiermod,22,1571,0.5,10.70575,21.675,7.5,2.25,0.0,2000,0.01,1000,1742,1398,344,6,6,0.06,3,3,False
0,hiermod,23,274,0.5,10.70575,21.675,7.5,2.25,0.0,2000,0.01,1000,1742,1398,344,172,53,0.53,11,49,False
0,hiermod,24,1165,0.5,10.70575,21.675,7.5,2.25,0.0,2000,0.01,1000,1742,1398,344,179,58,0.58,9,54,False
0,hiermod,25,1233,0.5,10.70575,21.675,7.5,2.25,0.0,2000,0.01,1000,1742,1398,344,387,66,0.66,25,62,False
0,hiermod,26,1987,0.5,10.70575,21.675,7.5,2.25,0.0,2000,0.01,1000,1742,1398,344,79,24,0.24,11,18,False
0,hiermod,27,1142,0.5,10.70575,21.675,7.5,2.25,0.0,2000,0.01,1000,1742,1398,344,56,16,0.16,7,14,False
0,hiermod,28,1756,0.5,10.70575,21.675,7.5,2.25,0.0,2000,0.01,1000,1742,1398,344,267,70,0.7000000000000001,12,64,False
0,hiermod,29,1186,0.5,10.70575,21.675,7.5,2.25,0.0,2000,0.01,1000,1742,1398,344,48,26,0.26,4,24,False
0,hiermod,30,1958,0.5,10.70575,21.675,7.5,2.25,0.0,2000,0.01,1000,1742,1398,344,1867,478,4.78,15,449,False
0,hiermod,31,136,0.5,10.70575,21.675,7.5,2.25,0.0,2000,0.01,1000,1742,1398,344,576,148,1.48,11,144,False
0,hiermod,32,407,0.5,10.70575,21.675,7.5,2.25,0.0,2000,0.01,1000,1742,1398,344,1,3,0.03,1,1,False
0,hiermod,33,55,0.5,10.70575,21.675,7.5,2.25,0.0,2000,0.01,1000,1742,1398,344,678,155,1.55,15,145,False
0,hiermod,34,673,0.5,10.70575,21.675,7.5,2.25,0.0,2000,0.01,1000,1742,1398,344,305,94,0.9400000000000001,12,86,False
0,hiermod,35,1635,0.5,10.70575,21.675,7.5,2.25,0.0,2000,0.01,1000,1742,1398,344,344,115,1.1500000000000001,12,105,False
0,hiermod,36,966,0.5,10.70575,21.675,7.5,2.25,0.0,2000,0.01,1000,1742,1398,344,97,40,0.4,8,34,False
0,hiermod,37,611,0.5,10.70575,21.675,7.5,2.25,0.0,2000,0.01,1000,1742,1398,344,1209,309,3.09,15,290,False
0,hiermod,38,161,0.5,10.70575,21.675,7.5,2.25,0.0,2000,0.01,1000,1742,1398,344,164,49,0.49,7,45,False
0,hiermod,39,307,0.5,10.70575,21.675,7.5,2.25,0.0,2000,0.01,1000,1742,1398,344,58,17,0.17,8,13,False
0,hiermod,0,1739,0.75,16.058625,21.675,7.5,2.25,0.0,2000,0.01,1000,1742,1398,344,286,77,0.77,16,70,False
0,hiermod,1,1657,0.75,16.058625,21.675,7.5,2.25,0.0,2000,0.01,1000,1742,1398,344,177,39,0.39,13,37,False
0,hiermod,2,821,0.75,16.058625,21.675,7.5,2.25,0.0,2000,0.01,1000,1742,1398,344,1359,350,3.5,15,331,False
0,hiermod,3,1620,0.75,16.058625,21.675,7.5,2.25,0.0,2000,0.01,1000,1742,1398,344,183,68,0.68,7,60,False
0,hiermod,4,66,0.75,16.058625,21.675,7.5,2.25,0.0,2000,0.01,1000,1742,1398,344,283,64,0.64,15,61,False
0,hiermod,5,1679,0.75,16.058625,21.675,7.5,2.25,0.0,2000,0.01,1000,1742,1398,344,1152,268,2.68,18,255,False
0,hiermod,6,474,0.75,16.058625,21.675,7.5,2.25,0.0,2000,0.01,1000,1742,1398,344,253,67,0.67,14,62,False
0,hiermod,7,438,0.75,16.058625,21.675,7.5,2.25,0.0,2000,0.01,1000,1742,1398,344,1888,507,5.07,17,469,False
0,hiermod,8,1005,0.75,16.058625,21.675,7.5,2.25,0.0,2000,0.01,1000,1742,1398,344,1178,297,2.97,12,271,False
0,hiermod,9,1148,0.75,16.058625,21.675,7.5,2.25,0.0,2000,0.01,1000,1742,1398,344,2530,660,6.6000000000000005,18,622,False
0,hiermod,10,181,0.75,16.058625,21.675,7.5,2.25,0.0,2000,0.01,1000,1742,1398,344,257,51,0.51,14,48,False
0,hiermod,11,141,0.75,16.058625,21.675,7.5,2.25,0.0,2000,0.01,1000,1742,1398,344,1360,308,3.08,14,294,False
0,hiermod,12,667,0.75,16.058625,21.675,7.5,2.25,0.0,2000,0.01,1000,1742,1398,344,243,64,0.64,9,60,False
0,hiermod,13,877,0.75,16.058625,21.675,7.5,2.25,0.0,2000,0.01,1000,1742,1398,344,917,242,2.42,15,230,False
0,hiermod,14,531,0.75,16.058625,21.675,7.5,2.25,0.0,2000,0.01,1000,1742,1398,344,2790,705,7.05,24,655,False
0,hiermod,15,1070,0.75,16.058625,21.675,7.5,2.25,0.0,2000,0.01,1000,1742,1398,344,250,74,0.74,13,67,False
0,hiermod,16,1176,0.75,16.058625,21.675,7.5,2.25,0.0,2000,0.01,1000,1742,1398,344,938,242,2.42,15,231,False
0,hiermod,17,791,0.75,16.058625,21.675,7.5,2.25,0.0,2000,0.01,1000,1742,1398,344,436,141,1.41,8,130,False
0,hiermod,18,784,0.75,16.058625,21.675,7.5,2.25,0.0,2000,0.01,1000,1742,1398,344,2030,450,4.5,19,431,False
0,hiermod,19,1543,0.75,16.058625,21.675,7.5,2.25,0.0,2000,0.01,1000,1742,1398,344,174,59,0.59,6,53,False
0,hiermod,20,718,0.75,16.058625,21.675,7.5,2.25,0.0,2000,0.01,1000,1742,1398,344,1427,334,3.34,18,319,False
0,hiermod,21,1039,0.75,16.058625,21.675,7.5,2.25,0.0,2000,0.01,1000,1742,1398,344,1138,315,3.15,12,300,False
0,hiermod,22,327,0.75,16.058625,21.675,7.5,2.25,0.0,2000,0.01,1000,1742,1398,344,937,221,2.21,20,205,False
0,hiermod,23,1129,0.75,16.058625,21.675,7.5,2.25,0.0,2000,0.01,1000,1742,1398,344,178,56,0.56,10,49,False
0,hiermod,24,623,0.75,16.058625,21.675,7.5,2.25,0.0,2000,0.01,1000,1742,1398,344,323,78,0.78,11,71,False
0,hiermod,25,1462,0.75,16.058625,21.675,7.5,2.25,0.0,2000,0.01,1000,1742,1398,344,46,20,0.2,5,17,False
0,hiermod,26,619,0.75,16.058625,21.675,7.5,2.25,0.0,2000,0.01,1000,1742,1398,344,1,3,0.03,1,1,False
0,hiermod,27,910,0.75,16.058625,21.675,7.5,2.25,0.0,2000,0.01,1000,1742,1398,344,731,148,1.48,16,143,False
0,hiermod,28,1054,0.75,16.058625,21.675,7.5,2.25,0.0,2000,0.01,1000,1742,1398,344,128,39,0.39,12,37,False
0,hiermod,29,213,0.75,16.058625,21.675,7.5,2.25,0.0,2000,0.01,1000,1742,1398,344,1197,352,3.52,20,324,False
0,hiermod,30,1147,0.75,16.058625,21.675,7.5,2.25,0.0,2000,0.01,1000,1742,1398,344,1558,399,3.99,14,379,False
0,hiermod,31,1886,0.75,16.058625,21.675,7.5,2.25,0.0,2000,0.01,1000,1742,1398,344,165,77,0.77,7,65,False
0,hiermod,32,22,0.75,16.058625,21.675,7.5,2.25,0.0,2000,0.01,1000,1742,1398,344,2055,517,5.17,18,482,False
0,hiermod,33,804,0.75,16.058625,21.675,7.5,2.25,0.0,2000,0.01,1000,1742,1398,344,986,244,2.44,13,226,False
0,hiermod,34,788,0.75,16.058625,21.675,7.5,2.25,0.0,2000,0.01,1000,1742,1398,344,2184,480,4.8,23,459,False
0,hiermod,35,1354,0.75,16.058625,21.675,7.5,2.25,0.0,2000,0.01,1000,1742,1398,344,901,219,2.19,16,203,False
0,hiermod,36,930,0.75,16.058625,21.675,7.5,2.25,0.0,2000,0.01,1000,1742,1398,344,1135,272,2.72,19,260,False
0,hiermod,37,456,0.75,16.058625,21.675,7.5,2.25,0.0,2000,0.01,1000,1742,1398,344,107,48,0.48,7,41,False
0,hiermod,38,1123,0.75,16.058625,21.675,7.5,2.25,0.0,2000,0.01,1000,1742,1398,344,843,194,1.94,18,184,False
0,hiermod,39,186,0.75,16.058625,21.675,7.5,2.25,0.0,2000,0.01,1000,1742,1398,344,580,159,1.59,14,146,False
0,hiermod,0,1296,1.0,21.4115,21.675,7.5,2.25,0.0,2000,0.01,1000,1742,1398,344,136,56,0.56,7,46,False
0,hiermod,1,835,1.0,21.4115,21.675,7.5,2.25,0.0,2000,0.01,1000,1742,1398,344,444,111,1.11,18,100,False
0,hiermod,2,1936,1.0,21.4115,21.675,7.5,2.25,0.0,2000,0.01,1000,1742,1398,344,530,150,1.5,14,140,False
0,hiermod,3,1968,1.0,21.4115,21.675,7.5,2.25,0.0,2000,0.01,1000,1742,1398,344,90,29,0.29,9,24,False
0,hiermod,4,702,1.0,21.4115,21.675,7.5,2.25,0.0,2000,0.01,1000,1742,1398,344,21,8,0.08,6,6,False
0,hiermod,5,529,1.0,21.4115,21.675,7.5,2.25,0.0,2000,0.01,1000,1742,1398,344,912,217,2.17,15,201,False
0,hiermod,6,1954,1.0,21.4115,21.675,7.5,2.25,0.0,2000,0.01,1000,1742,1398,344,845,216,2.16,16,203,False
0,hiermod,7,655,1.0,21.4115,21.675,7.5,2.25,0.0,2000,0.01,1000,1742,1398,344,133,40,0.4,8,35,False
0,hiermod,8,918,1.0,21.4115,21.675,7.5,2.25,0.0,2000,0.01,1000,1742,1398,344,1065,324,3.24,13,297,False
0,hiermod,9,1647,1.0,21.4115,21.675,7.5,2.25,0.0,2000,0.01,1000,1742,1398,344,498,95,0.9500000000000001,16,88,False
0,hiermod,10,1780,1.0,21.4115,21.675,7.5,2.25,0.0,2000,0.01,1000,1742,1398,344,946,238,2.38,13,218,False
0,hiermod,11,1376,1.0,21.4115,21.675,7.5,2.25,0.0,2000,0.01,1000,1742,1398,344,946,256,2.56,14,229,False
0,hiermod,12,1955,1.0,21.4115,21.675,7.5,2.25,0.0,2000,0.01,1000,1742,1398,344,447,102,1.02,16,92,False
0,hiermod,13,1709,1.0,21.4115,21.675,7.5,2.25,0.0,2000,0.01,1000,1742,1398,344,557,150,1.5,13,136,False
0,hiermod,14,115,1.0,21.4115,21.675,7.5,2.25,0.0,2000,0.01,1000,1742,1398,344,213,71,0.71,10,64,False
0,hiermod,15,1358,1.0,21.4115,21.675,7.5,2.25,0.0,2000,0.01,1000,1742,1398,344,497,124,1.24,16,115,False
0,hiermod,16,123,1.0,21.4115,21.675,7.5,2.25,0.0,2000,0.01,1000,1742,1398,344,93,48,0.48,8,40,False
0,hiermod,17,508,1.0,21.4115,21.675,7.5,2.25,0.0,2000,0.01,1000,1742,1398,344,549,140,1.4000000000000001,13,133,False
0,hiermod,18,1769,1.0,21.4115,21.675,7.5,2.25,0.0,2000,0.01,1000,1742,1398,344,400,94,0.9400000000000001,14,88,False
0,hiermod,19,1852,1.0,21.4115,21.675,7.5,2.25,0.0,2000,0.01,1000,1742,1398,344,447,112,1.12,18,105,False
0,hiermod,20,930,1.0,21.4115,21.675,7.5,2.25,0.0,2000,0.01,1000,1742,1398,344,313,87,0.87,10,81,False
0,hiermod,21,486,1.0,21.4115,21.675,7.5,2.25,0.0,2000,0.01,1000,1742,1398,344,430,125,1.25,9,115,False
0,hiermod,22,1676,1.0,21.4115,21.675,7.5,2.25,0.0,2000,0.01,1000,1742,1398,344,66,24,0.24,13,19,False
0,hiermod,23,1835,1.0,21.4115,21.675,7.5,2.25,0.0,2000,0.01,1000,1742,1398,344,462,121,1.21,16,110,False
0,hiermod,24,1025,1.0,21.4115,21.675,7.5,2.25,0.0,2000,0.01,1000,1742,1398,344,80,32,0.32,6,28,False
0,hiermod,25,521,1.0,21.4115,21.675,7.5,2.25,0.0,2000,0.01,1000,1742,1398,344,500,130,1.3,14,119,False
0,hiermod,26,141,1.0,21.4115,21.675,7.5,2.25,0.0,2000,0.01,1000,1742,1398,344,1017,207,2.07,18,198,False
0,hiermod,27,918,1.0,21.4115,21.675,7.5,2.25,0.0,2000,0.01,1000,1742,1398,344,155,41,0.41000000000000003,10,38,False
0,hiermod,28,308,1.0,21.4115,21.675,7.5,2.25,0.0,2000,0.01,1000,1742,1398,344,730,165,1.6500000000000001,16,155,False
0,hiermod,29,1801,1.0,21.4115,21.675,7.5,2.25,0.0,2000,0.01,1000,1742,1398,344,29,13,0.13,4,11,False
0,hiermod,30,1402,1.0,21.4115,21.675,7.5,2.25,0.0,2000,0.01,1000,1742,1398,344,50,13,0.13,9,11,False
0,hiermod,31,1653,1.0,21.4115,21.675,7.5,2.25,0.0,2000,0.01,1000,1742,1398,344,1588,443,4.43,17,398,False
0,hiermod,32,1759,1.0,21.4115,21.675,7.5,2.25,0.0,2000,0.01,1000,1742,1398,344,2622,607,6.07,18,582,False
0,hiermod,33,303,1.0,21.4115,21.675,7.5,2.25,0.0,2000,0.01,1000,1742,1398,344,2707,705,7.05,15,654,False
0,hiermod,34,1183,1.0,21.4115,21.675,7.5,2.25,0.0,2000,0.01,1000,1742,1398,344,98,30,0.3,8,27,False
0,hiermod,35,1382,1.0,21.4115,21.675,7.5,2.25,0.0,2000,0.01,1000,1742,1398,344,816,221,2.21,17,206,False
0,hiermod,36,1907,1.0,21.4115,21.675,7.5,2.25,0.0,2000,0.01,1000,1742,1398,344,60,20,0.2,12,16,False
0,hiermod,37,1181,1.0,21.4115,21.675,7.5,2.25,0.0,2000,0.01,1000,1742,1398,344,262,75,0.75,8,71,False
0,hiermod,38,790,1.0,21.4115,21.675,7.5,2.25,0.0,2000,0.01,1000,1742,1398,344,104,48,0.48,6,40,False
0,hiermod,39,335,1.0,21.4115,21.675,7.5,2.25,0.0,2000,0.01,1000,1742,1398,344,693,208,2.08,13,192,False
0,hiermod,0,1471,1.25,26.764375,21.675,7.5,2.25,0.0,2000,0.01,1000,1742,1398,344,1188,297,2.97,19,281,False
0,hiermod,1,674,1.25,26.764375,21.675,7.5,2.25,0.0,2000,0.01,1000,1742,1398,344,42,21,0.21,6,18,False
0,hiermod,2,566,1.25,26.764375,21.675,7.5,2.25,0.0,2000,0.01,1000,1742,1398,344,401,103,1.03,11,93,False
0,hiermod,3,1707,1.25,26.764375,21.675,7.5,2.25,0.0,2000,0.01,1000,1742,1398,344,258,79,0.79,11,70,False
0,hiermod,4,556,1.25,26.764375,21.675,7.5,2.25,0.0,2000,0.01,1000,1742,1398,344,5,8,0.08,2,4,False
0,hiermod,5,433,1.25,26.764375,21.675,7.5,2.25,0.0,2000,0.01,1000,1742,1398,344,1765,400,4.0,17,377,False
0,hiermod,6,545,1.25,26.764375,21.675,7.5,2.25,0.0,2000,0.01,1000,1742,1398,344,313,93,0.93,12,86,False
0,hiermod,7,1170,1.25,26.764375,21.675,7.5,2.25,0.0,2000,0.01,1000,1742,1398,344,1,3,0.03,1,1,False
0,hiermod,8,491,1.25,26.764375,21.675,7.5,2.25,0.0,2000,0.01,1000,1742,1398,344,711,171,1.71,16,168,False
0,hiermod,9,653,1.25,26.764375,21.675,7.5,2.25,0.0,2000,0.01,1000,1742,1398,344,468,113,1.1300000000000001,15,99,False
0,hiermod,10,1358,1.25,26.764375,21.675,7.5,2.25,0.0,2000,0.01,1000,1742,1398,344,295,100,1.0,9,95,False
0,hiermod,11,1018,1.25,26.764375,21.675,7.5,2.25,0.0,2000,0.01,1000,1742,1398,344,1521,357,3.5700000000000003,18,336,False
0,hiermod,12,419,1.25,26.764375,21.675,7.5,2.25,0.0,2000,0.01,1000,1742,1398,344,1061,320,3.2,11,296,False
0,hiermod,13,751,1.25,26.764375,21.675,7.5,2.25,0.0,2000,0.01,1000,1742,1398,344,400,98,0.98,13,90,False
0,hiermod,14,326,1.25,26.764375,21.675,7.5,2.25,0.0,2000,0.01,1000,1742,1398,344,30,14,0.14,5,9,False
0,hiermod,15,838,1.25,26.764375,21.675,7.5,2.25,0.0,2000,0.01,1000,1742,1398,344,1889,407,4.07,18,387,False
0,hiermod,16,221,1.25,26.764375,21.675,7.5,2.25,0.0,2000,0.01,1000,1742,1398,344,729,219,2.19,14,199,False
0,hiermod,17,1359,1.25,26.764375,21.675,7.5,2.25,0.0,2000,0.01,1000,1742,1398,344,126,55,0.55,7,45,False
0,hiermod,18,374,1.25,26.764375,21.675,7.5,2.25,0.0,2000,0.01,1000,1742,1398,344,632,142,1.42,13,135,False
0,hiermod,19,1240,1.25,26.764375,21.675,7.5,2.25,0.0,2000,0.01,1000,1742,1398,344,107,33,0.33,11,31,False
0,hiermod,20,819,1.25,26.764375,21.675,7.5,2.25,0.0,2000,0.01,1000,1742,1398,344,764,176,1.76,16,168,False
0,hiermod,21,1642,1.25,26.764375,21.675,7.5,2.25,0.0,2000,0.01,1000,1742,1398,344,122,49,0.49,10,40,False
0,hiermod,22,144,1.25,26.764375,21.675,7.5,2.25,0.0,2000,0.01,1000,1742,1398,344,67,34,0.34,5,29,False
0,hiermod,23,174,1.25,26.764375,21.675,7.5,2.25,0.0,2000,0.01,1000,1742,1398,344,631,201,2.0100000000000002,9,186,False
0,hiermod,24,1084,1.25,26.764375,21.675,7.5,2.25,0.0,2000,0.01,1000,1742,1398,344,252,97,0.97,8,85,False
0,hiermod,25,963,1.25,26.764375,21.675,7.5,2.25,0.0,2000,0.01,1000,1742,1398,344,19,8,0.08,5,6,False
0,hiermod,26,163,1.25,26.764375,21.675,7.5,2.25,0.0,2000,0.01,1000,1742,1398,344,167,52,0.52,11,48,False
0,hiermod,27,965,1.25,26.764375,21.675,7.5,2.25,0.0,2000,0.01,1000,1742,1398,344,32,17,0.17,4,14,False
0,hiermod,28,634,1.25,26.764375,21.675,7.5,2.25,0.0,2000,0.01,1000,1742,1398,344,682,199,1.99,14,181,False
0,hiermod,29,857,1.25,26.764375,21.675,7.5,2.25,0.0,2000,0.01,1000,1742,1398,344,780,245,2.45,13,228,False
0,hiermod,30,20,1.25,26.764375,21.675,7.5,2.25,0.0,2000,0.01,1000,1742,1398,344,208,58,0.58,14,50,False
0,hiermod,31,56,1.25,26.764375,21.675,7.5,2.25,0.0,2000,0.01,1000,1742,1398,344,390,73,0.73,19,67,False
0,hiermod,32,1592,1.25,26.764375,21.675,7.5,2.25,0.0,2000,0.01,1000,1742,1398,344,93,26,0.26,10,24,False
0,hiermod,33,1817,1.25,26.764375,21.675,7.5,2.25,0.0,2000,0.01,1000,1742,1398,344,656,192,1.92,16,174,False
0,hiermod,34,1482,1.25,26.764375,21.675,7.5,2.25,0.0,2000,0.01,1000,1742,1398,344,57,19,0.19,8,17,False
0,hiermod,35,1744,1.25,26.764375,21.675,7.5,2.25,0.0,2000,0.01,1000,1742,1398,344,138,36,0.36,10,34,False
0,hiermod,36,82,1.25,26.764375,21.675,7.5,2.25,0.0,2000,0.01,1000,1742,1398,344,1437,381,3.81,15,355,False
0,hiermod,37,474,1.25,26.764375,21.675,7.5,2.25,0.0,2000,0.01,1000,1742,1398,344,434,118,1.18,10,107,False
0,hiermod,38,1136,1.25,26.764375,21.675,7.5,2.25,0.0,2000,0.01,1000,1742,1398,344,991,268,2.68,16,238,False
0,hiermod,39,1335,1.25,26.764375,21.675,7.5,2.25,0.0,2000,0.01,1000,1742,1398,344,1672,415,4.15,15,398,False
0,hiermod,0,1499,1.5,32.11725,21.675,7.5,2.25,0.0,2000,0.01,1000,1742,1398,344,2216,647,6.47,16,604,False
0,hiermod,1,97,1.5,32.11725,21.675,7.5,2.25,0.0,2000,0.01,1000,1742,1398,344,360,70,0.7000000000000001,12,68,False
0,hiermod,2,881,1.5,32.11725,21.675,7.5,2.25,0.0,2000,0.01,1000,1742,1398,344,477,111,1.11,9,103,False
0,hiermod,3,1229,1.5,32.11725,21.675,7.5,2.25,0.0,2000,0.01,1000,1742,1398,344,2,4,0.04,1,2,False
0,hiermod,4,1299,1.5,32.11725,21.675,7.5,2.25,0.0,2000,0.01,1000,1742,1398,344,905,203,2.0300000000000002,15,190,False
0,hiermod,5,1050,1.5,32.11725,21.675,7.5,2.25,0.0,2000,0.01,1000,1742,1398,344,563,170,1.7,10,152,False
0,hiermod,6,647,1.5,32.11725,21.675,7.5,2.25,0.0,2000,0.01,1000,1742,1398,344,825,203,2.0300000000000002,15,192,False
0,hiermod,7,1020,1.5,32.11725,21.675,7.5,2.25,0.0,2000,0.01,1000,1742,1398,344,1121,288,2.88,13,277,False
0,hiermod,8,23,1.5,32.11725,21.675,7.5,2.25,0.0,2000,0.01,1000,1742,1398,344,914,253,2.5300000000000002,17,236,False
0,hiermod,9,515,1.5,32.11725,21.675,7.5,2.25,0.0,2000,0.01,1000,1742,1398,344,532,120,1.2,18,113,False
0,hiermod,10,652,1.5,32.11725,21.675,7.5,2.25,0.0,2000,0.01,1000,1742,1398,344,191,77,0.77,10,69,False
0,hiermod,11,1267,1.5,32.11725,21.675,7.5,2.25,0.0,2000,0.01,1000,1742,1398,344,256,85,0.85,10,74,False
0,hiermod,12,1555,1.5,32.11725,21.675,7.5,2.25,0.0,2000,0.01,1000,1742,1398,344,536,140,1.4000000000000001,11,131,False
0,hiermod,13,386,1.5,32.11725,21.675,7.5,2.25,0.0,2000,0.01,1000,1742,1398,344,130,35,0.35000000000000003,11,32,False
0,hiermod,14,1633,1.5,32.11725,21.675,7.5,2.25,0.0,2000,0.01,1000,1742,1398,344,301,99,0.99,18,86,False
0,hiermod,15,1628,1.5,32.11725,21.675,7.5,2.25,0.0,2000,0.01,1000,1742,1398,344,440,134,1.34,12,124,False
0,hiermod,16,1084,1.5,32.11725,21.675,7.5,2.25,0.0,2000,0.01,1000,1742,1398,344,1101,253,2.5300000000000002,16,238,False
0,hiermod,17,245,1.5,32.11725,21.675,7.5,2.25,0.0,2000,0.01,1000,1742,1398,344,835,181,1.81,19,174,False
0,hiermod,18,1681,1.5,32.11725,21.675,7.5,2.25,0.0,2000,0.01,1000,1742,1398,344,730,189,1.8900000000000001,13,173,False
0,hiermod,19,1927,1.5,32.11725,21.675,7.5,2.25,0.0,2000,0.01,1000,1742,1398,344,1310,340,3.4,15,318,False
0,hiermod,20,414,1.5,32.11725,21.675,7.5,2.25,0.0,2000,0.01,1000,1742,1398,344,652,193,1.93,10,180,False
0,hiermod,21,1613,1.5,32.11725,21.675,7.5,2.25,0.0,2000,0.01,1000,1742,1398,344,234,65,0.65,9,57,False
0,hiermod,22,652,1.5,32.11725,21.675,7.5,2.25,0.0,2000,0.01,1000,1742,1398,344,755,189,1.8900000000000001,17,178,False
0,hiermod,23,791,1.5,32.11725,21.675,7.5,2.25,0.0,2000,0.01,1000,1742,1398,344,1640,377,3.77,18,354,False
0,hiermod,24,1740,1.5,32.11725,21.675,7.5,2.25,0.0,2000,0.01,1000,1742,1398,344,377,107,1.07,10,100,False
0,hiermod,25,332,1.5,32.11725,21.675,7.5,2.25,0.0,2000,0.01,1000,1742,1398,344,1901,494,4.94,16,454,False
0,hiermod,26,584,1.5,32.11725,21.675,7.5,2.25,0.0,2000,0.01,1000,1742,1398,344,100,25,0.25,11,21,False
0,hiermod,27,118,1.5,32.11725,21.675,7.5,2.25,0.0,2000,0.01,1000,1742,1398,344,28,17,0.17,4,14,False
0,hiermod,28,1987,1.5,32.11725,21.675,7.5,2.25,0.0,2000,0.01,1000,1742,1398,344,46,17,0.17,10,12,False
0,hiermod,29,253,1.5,32.11725,21.675,7.5,2.25,0.0,2000,0.01,1000,1742,1398,344,1,3,0.03,1,1,False
0,hiermod,30,1088,1.5,32.11725,21.675,7.5,2.25,0.0,2000,0.01,1000,1742,1398,344,56,14,0.14,9,11,False
0,hiermod,31,1712,1.5,32.11725,21.675,7.5,2.25,0.0,2000,0.01,1000,1742,1398,344,118,34,0.34,9,30,False
0,hiermod,32,1966,1.5,32.11725,21.675,7.5,2.25,0.0,2000,0.01,1000,1742,1398,344,343,83,0.8300000000000001,11,80,False
0,hiermod,33,632,1.5,32.11725,21.675,7.5,2.25,0.0,2000,0.01,1000,1742,1398,344,47,21,0.21,8,18,False
0,hiermod,34,1019,1.5,32.11725,21.675,7.5,2.25,0.0,2000,0.01,1000,1742,1398,344,608,145,1.45,14,136,False
0,hiermod,35,476,1.5,32.11725,21.675,7.5,2.25,0.0,2000,0.01,1000,1742,1398,344,2082,639,6.390000000000001,13,588,False
0,hiermod,36,1697,1.5,32.11725,21.675,7.5,2.25,0.0,2000,0.01,1000,1742,1398,344,231,70,0.7000000000000001,9,65,False
0,hiermod,37,1896,1.5,32.11725,21.675,7.5,2.25,0.0,2000,0.01,1000,1742,1398,344,1299,288,2.88,16,278,False
0,hiermod,38,1667,1.5,32.11725,21.675,7.5,2.25,0.0,2000,0.01,1000,1742,1398,344,305,70,0.7000000000000001,17,64,False
0,hiermod,39,620,1.5,32.11725,21.675,7.5,2.25,0.0,2000,0.01,1000,1742,1398,344,963,271,2.71,14,248,False
0,er_matched,0,1296,0.5,10.70575,21.675,7.5,2.25,0.0,2000,0.01,1000,1742,1398,344,524,168,1.68,10,152,False
0,er_matched,1,835,0.5,10.70575,21.675,7.5,2.25,0.0,2000,0.01,1000,1742,1398,344,235,102,1.02,9,87,False
0,er_matched,2,1794,0.5,10.70575,21.675,7.5,2.25,0.0,2000,0.01,1000,1742,1398,344,710,212,2.12,13,194,False
0,er_matched,3,1320,0.5,10.70575,21.675,7.5,2.25,0.0,2000,0.01,1000,1742,1398,344,315,85,0.85,11,80,False
0,er_matched,4,527,0.5,10.70575,21.675,7.5,2.25,0.0,2000,0.01,1000,1742,1398,344,760,220,2.2,18,202,False
0,er_matched,5,1936,0.5,10.70575,21.675,7.5,2.25,0.0,2000,0.01,1000,1742,1398,344,100,40,0.4,7,35,False
0,er_matched,6,1624,0.5,10.70575,21.675,7.5,2.25,0.0,2000,0.01,1000,1742,1398,344,452,139,1.3900000000000001,11,127,False
0,er_matched,7,1311,0.5,10.70575,21.675,7.5,2.25,0.0,2000,0.01,1000,1742,1398,344,157,47,0.47000000000000003,9,42,False
0,er_matched,8,104,0.5,10.70575,21.675,7.5,2.25,0.0,2000,0.01,1000,1742,1398,344,205,87,0.87,8,73,False
0,er_matched,9,1505,0.5,10.70575,21.675,7.5,2.25,0.0,2000,0.01,1000,1742,1398,344,152,50,0.5,8,46,False
0,er_matched,10,1022,0.5,10.70575,21.675,7.5,2.25,0.0,2000,0.01,1000,1742,1398,344,1,3,0.03,1,1,False
0,er_matched,11,710,0.5,10.70575,21.675,7.5,2.25,0.0,2000,0.01,1000,1742,1398,344,323,100,1.0,13,96,False
0,er_matched,12,1920,0.5,10.70575,21.675,7.5,2.25,0.0,2000,0.01,1000,1742,1398,344,61,29,0.29,10,23,False
0,er_matched,13,479,0.5,10.70575,21.675,7.5,2.25,0.0,2000,0.01,1000,1742,1398,344,746,201,2.0100000000000002,12,188,False
0,er_matched,14,201,0.5,10.70575,21.675,7.5,2.25,0.0,2000,0.01,1000,1742,1398,344,535,146,1.46,13,132,False
0,er_matched,15,1050,0.5,10.70575,21.675,7.5,2.25,0.0,2000,0.01,1000,1742,1398,344,10,7,0.07,4,5,False
0,er_matched,16,162,0.5,10.70575,21.675,7.5,2.25,0.0,2000,0.01,1000,1742,1398,344,238,105,1.05,9,90,False
0,er_matched,17,327,0.5,10.70575,21.675,7.5,2.25,0.0,2000,0.01,1000,1742,1398,344,234,66,0.66,12,60,False
0,er_matched,18,1998,0.5,10.70575,21.675,7.5,2.25,0.0,2000,0.01,1000,1742,1398,344,540,179,1.79,14,160,False
0,er_matched,19,736,0.5,10.70575,21.675,7.5,2.25,0.0,2000,0.01,1000,1742,1398,344,362,90,0.9,12,85,False
0,er_matched,20,735,0.5,10.70575,21.675,7.5,2.25,0.0,2000,0.01,1000,1742,1398,344,10,9,0.09,2,7,False
0,er_matched,21,1590,0.5,10.70575,21.675,7.5,2.25,0.0,2000,0.01,1000,1742,1398,344,503,149,1.49,18,141,False
0,er_matched,22,1088,0.5,10.70575,21.675,7.5,2.25,0.0,2000,0.01,1000,1742,1398,344,1313,347,3.47,18,323,False
0,er_matched,23,1730,0.5,10.70575,21.675,7.5,2.25,0.0,2000,0.01,1000,1742,1398,344,797,237,2.37,14,219,False
0,er_matched,24,992,0.5,10.70575,21.675,7.5,2.25,0.0,2000,0.01,1000,1742,1398,344,391,121,1.21,11,111,False
0,er_matched,25,224,0.5,10.70575,21.675,7.5,2.25,0.0,2000,0.01,1000,1742,1398,344,118,58,0.58,7,52,False
0,er_matched,26,620,0.5,10.70575,21.675,7.5,2.25,0.0,2000,0.01,1000,1742,1398,344,109,36,0.36,7,30,False
0,er_matched,27,227,0.5,10.70575,21.675,7.5,2.25,0.0,2000,0.01,1000,1742,1398,344,1124,260,2.6,16,245,False
0,er_matched,28,596,0.5,10.70575,21.675,7.5,2.25,0.0,2000,0.01,1000,1742,1398,344,152,55,0.55,9,51,False
0,er_matched,29,1675,0.5,10.70575,21.675,7.5,2.25,0.0,2000,0.01,1000,1742,1398,344,250,78,0.78,12,71,False
0,er_matched,30,1347,0.5,10.70575,21.675,7.5,2.25,0.0,2000,0.01,1000,1742,1398,344,23,17,0.17,4,12,False
0,er_matched,31,1811,0.5,10.70575,21.675,7.5,2.25,0.0,2000,0.01,1000,1742,1398,344,415,95,0.9500000000000001,12,90,False
0,er_matched,32,504,0.5,10.70575,21.675,7.5,2.25,0.0,2000,0.01,1000,1742,1398,344,207,63,0.63,10,52,False
0,er_matched,33,1991,0.5,10.70575,21.675,7.5,2.25,0.0,2000,0.01,1000,1742,1398,344,1272,325,3.25,13,298,False
0,er_matched,34,1743,0.5,10.70575,21.675,7.5,2.25,0.0,2000,0.01,1000,1742,1398,344,132,57,0.5700000000000001,7,47,False
0,er_matched,35,570,0.5,10.70575,21.675,7.5,2.25,0.0,2000,0.01,1000,1742,1398,344,340,94,0.9400000000000001,9,87,False
0,er_matched,36,199,0.5,10.70575,21.675,7.5,2.25,0.0,2000,0.01,1000,1742,1398,344,342,103,1.03,13,98,False
0,er_matched,37,475,0.5,10.70575,21.675,7.5,2.25,0.0,2000,0.01,1000,1742,1398,344,3517,1000,10.0,13,922,True
0,er_matched,38,780,0.5,10.70575,21.675,7.5,2.25,0.0,2000,0.01,1000,1742,1398,344,500,145,1.45,15,138,False
0,er_matched,39,1885,0.5,10.70575,21.675,7.5,2.25,0.0,2000,0.01,1000,1742,1398,344,350,98,0.98,12,93,False
0,er_matched,0,1471,0.75,16.058625,21.675,7.5,2.25,0.0,2000,0.01,1000,1742,1398,344,1,3,0.03,1,1,False
0,er_matched,1,674,0.75,16.058625,21.675,7.5,2.25,0.0,2000,0.01,1000,1742,1398,344,5490,1000,10.0,18,1000,True
0,er_matched,2,279,0.75,16.058625,21.675,7.5,2.25,0.0,2000,0.01,1000,1742,1398,344,5783,1000,10.0,20,997,True
0,er_matched,3,1861,0.75,16.058625,21.675,7.5,2.25,0.0,2000,0.01,1000,1742,1398,344,133,51,0.51,6,47,False
0,er_matched,4,127,0.75,16.058625,21.675,7.5,2.25,0.0,2000,0.01,1000,1742,1398,344,339,104,1.04,13,94,False
0,er_matched,5,221,0.75,16.058625,21.675,7.5,2.25,0.0,2000,0.01,1000,1742,1398,344,5507,1000,10.0,16,994,True
0,er_matched,6,1101,0.75,16.058625,21.675,7.5,2.25,0.0,2000,0.01,1000,1742,1398,344,710,166,1.6600000000000001,11,160,False
0,er_matched,7,1119,0.75,16.058625,21.675,7.5,2.25,0.0,2000,0.01,1000,1742,1398,344,5074,1000,10.0,19,995,True
0,er_matched,8,41,0.75,16.058625,21.675,7.5,2.25,0.0,2000,0.01,1000,1742,1398,344,79,37,0.37,8,29,False
0,er_matched,9,801,0.75,16.058625,21.675,7.5,2.25,0.0,2000,0.01,1000,1742,1398,344,5468,1000,10.0,18,995,True
0,er_matched,10,1242,0.75,16.058625,21.675,7.5,2.25,0.0,2000,0.01,1000,1742,1398,344,335,77,0.77,16,74,False
0,er_matched,11,1738,0.75,16.058625,21.675,7.5,2.25,0.0,2000,0.01,1000,1742,1398,344,5281,1000,10.0,17,997,True
0,er_matched,12,1975,0.75,16.058625,21.675,7.5,2.25,0.0,2000,0.01,1000,1742,1398,344,5375,1000,10.0,20,995,True
0,er_matched,13,1429,0.75,16.058625,21.675,7.5,2.25,0.0,2000,0.01,1000,1742,1398,344,306,95,0.9500000000000001,10,84,False
0,er_matched,14,1335,0.75,16.058625,21.675,7.5,2.25,0.0,2000,0.01,1000,1742,1398,344,71,24,0.24,10,21,False
0,er_matched,15,180,0.75,16.058625,21.675,7.5,2.25,0.0,2000,0.01,1000,1742,1398,344,750,236,2.36,8,222,False
0,er_matched,16,664,0.75,16.058625,21.675,7.5,2.25,0.0,2000,0.01,1000,1742,1398,344,45,18,0.18,6,15,False
0,er_matched,17,351,0.75,16.058625,21.675,7.5,2.25,0.0,2000,0.01,1000,1742,1398,344,126,29,0.29,14,26,False
0,er_matched,18,1077,0.75,16.058625,21.675,7.5,2.25,0.0,2000,0.01,1000,1742,1398,344,326,107,1.07,12,98,False
0,er_matched,19,405,0.75,16.058625,21.675,7.5,2.25,0.0,2000,0.01,1000,1742,1398,344,276,100,1.0,8,90,False
0,er_matched,20,1977,0.75,16.058625,21.675,7.5,2.25,0.0,2000,0.01,1000,1742,1398,344,48,23,0.23,5,20,False
0,er_matched,21,617,0.75,16.058625,21.675,7.5,2.25,0.0,2000,0.01,1000,1742,1398,344,7,8,0.08,2,5,False
0,er_matched,22,1603,0.75,16.058625,21.675,7.5,2.25,0.0,2000,0.01,1000,1742,1398,344,72,29,0.29,9,22,False
0,er_matched,23,1379,0.75,16.058625,21.675,7.5,2.25,0.0,2000,0.01,1000,1742,1398,344,146,40,0.4,9,38,False
0,er_matched,24,283,0.75,16.058625,21.675,7.5,2.25,0.0,2000,0.01,1000,1742,1398,344,22,11,0.11,6,9,False
0,er_matched,25,924,0.75,16.058625,21.675,7.5,2.25,0.0,2000,0.01,1000,1742,1398,344,134,40,0.4,11,35,False
0,er_matched,26,291,0.75,16.058625,21.675,7.5,2.25,0.0,2000,0.01,1000,1742,1398,344,61,18,0.18,10,15,False
0,er_matched,27,861,0.75,16.058625,21.675,7.5,2.25,0.0,2000,0.01,1000,1742,1398,344,41,17,0.17,6,15,False
0,er_matched,28,1389,0.75,16.058625,21.675,7.5,2.25,0.0,2000,0.01,1000,1742,1398,344,166,31,0.31,12,29,False
0,er_matched,29,529,0.75,16.058625,21.675,7.5,2.25,0.0,2000,0.01,1000,1742,1398,344,7,6,0.06,2,4,False
0,er_matched,30,494,0.75,16.058625,21.675,7.5,2.25,0.0,2000,0.01,1000,1742,1398,344,62,15,0.15,8,13,False
0,er_matched,31,1680,0.75,16.058625,21.675,7.5,2.25,0.0,2000,0.01,1000,1742,1398,344,97,32,0.32,7,29,False
0,er_matched,32,1390,0.75,16.058625,21.675,7.5,2.25,0.0,2000,0.01,1000,1742,1398,344,5189,1000,10.0,16,993,True
0,er_matched,33,1147,0.75,16.058625,21.675,7.5,2.25,0.0,2000,0.01,1000,1742,1398,344,16,10,0.1,5,8,False
0,er_matched,34,1704,0.75,16.058625,21.675,7.5,2.25,0.0,2000,0.01,1000,1742,1398,344,86,34,0.34,8,29,False
0,er_matched,35,1558,0.75,16.058625,21.675,7.5,2.25,0.0,2000,0.01,1000,1742,1398,344,5345,1000,10.0,21,992,True
0,er_matched,36,1901,0.75,16.058625,21.675,7.5,2.25,0.0,2000,0.01,1000,1742,1398,344,93,32,0.32,9,28,False
0,er_matched,37,1327,0.75,16.058625,21.675,7.5,2.25,0.0,2000,0.01,1000,1742,1398,344,224,71,0.71,11,63,False
0,er_matched,38,1569,0.75,16.058625,21.675,7.5,2.25,0.0,2000,0.01,1000,1742,1398,344,69,25,0.25,6,22,False
0,er_matched,39,1346,0.75,16.058625,21.675,7.5,2.25,0.0,2000,0.01,1000,1742,1398,344,1236,389,3.89,12,357,False
0,er_matched,0,1499,1.0,21.4115,21.675,7.5,2.25,0.0,2000,0.01,1000,1742,1398,344,555,200,2.0,9,172,False
0,er_matched,1,97,1.0,21.4115,21.675,7.5,2.25,0.0,2000,0.01,1000,1742,1398,344,338,85,0.85,12,80,False
0,er_matched,2,1778,1.0,21.4115,21.675,7.5,2.25,0.0,2000,0.01,1000,1742,1398,344,5835,1000,10.0,17,1000,True
0,er_matched,3,779,1.0,21.4115,21.675,7.5,2.25,0.0,2000,0.01,1000,1742,1398,344,123,48,0.48,7,43,False
0,er_matched,4,799,1.0,21.4115,21.675,7.5,2.25,0.0,2000,0.01,1000,1742,1398,344,5285,1000,10.0,19,995,True
0,er_matched,5,1287,1.0,21.4115,21.675,7.5,2.25,0.0,2000,0.01,1000,1742,1398,344,58,22,0.22,7,19,False
0,er_matched,6,846,1.0,21.4115,21.675,7.5,2.25,0.0,2000,0.01,1000,1742,1398,344,51,17,0.17,11,13,False
0,er_matched,7,163,1.0,21.4115,21.675,7.5,2.25,0.0,2000,0.01,1000,1742,1398,344,480,134,1.34,13,123,False
0,er_matched,8,1724,1.0,21.4115,21.675,7.5,2.25,0.0,2000,0.01,1000,1742,1398,344,5483,1000,10.0,17,991,True
0,er_matched,9,614,1.0,21.4115,21.675,7.5,2.25,0.0,2000,0.01,1000,1742,1398,344,5783,1000,10.0,18,996,True
0,er_matched,10,1488,1.0,21.4115,21.675,7.5,2.25,0.0,2000,0.01,1000,1742,1398,344,64,27,0.27,7,22,False
0,er_matched,11,396,1.0,21.4115,21.675,7.5,2.25,0.0,2000,0.01,1000,1742,1398,344,2774,535,5.3500000000000005,12,523,False
0,er_matched,12,368,1.0,21.4115,21.675,7.5,2.25,0.0,2000,0.01,1000,1742,1398,344,1,3,0.03,1,1,False
0,er_matched,13,1051,1.0,21.4115,21.675,7.5,2.25,0.0,2000,0.01,1000,1742,1398,344,18,15,0.15,3,11,False
0,er_matched,14,1423,1.0,21.4115,21.675,7.5,2.25,0.0,2000,0.01,1000,1742,1398,344,5260,1000,10.0,15,995,True
0,er_matched,15,720,1.0,21.4115,21.675,7.5,2.25,0.0,2000,0.01,1000,1742,1398,344,5158,1000,10.0,18,994,True
0,er_matched,16,720,1.0,21.4115,21.675,7.5,2.25,0.0,2000,0.01,1000,1742,1398,344,240,97,0.97,9,88,False
0,er_matched,17,1747,1.0,21.4115,21.675,7.5,2.25,0.0,2000,0.01,1000,1742,1398,344,292,80,0.8,12,72,False
0,er_matched,18,915,1.0,21.4115,21.675,7.5,2.25,0.0,2000,0.01,1000,1742,1398,344,5345,1000,10.0,18,985,True
0,er_matched,19,1920,1.0,21.4115,21.675,7.5,2.25,0.0,2000,0.01,1000,1742,1398,344,24,10,0.1,6,8,False
0,er_matched,20,564,1.0,21.4115,21.675,7.5,2.25,0.0,2000,0.01,1000,1742,1398,344,5538,1000,10.0,18,992,True
0,er_matched,21,349,1.0,21.4115,21.675,7.5,2.25,0.0,2000,0.01,1000,1742,1398,344,5589,1000,10.0,17,999,True
0,er_matched,22,503,1.0,21.4115,21.675,7.5,2.25,0.0,2000,0.01,1000,1742,1398,344,688,185,1.85,15,174,False
0,er_matched,23,1190,1.0,21.4115,21.675,7.5,2.25,0.0,2000,0.01,1000,1742,1398,344,906,255,2.5500000000000003,15,234,False
0,er_matched,24,1374,1.0,21.4115,21.675,7.5,2.25,0.0,2000,0.01,1000,1742,1398,344,176,51,0.51,10,48,False
0,er_matched,25,422,1.0,21.4115,21.675,7.5,2.25,0.0,2000,0.01,1000,1742,1398,344,1130,228,2.2800000000000002,13,224,False
0,er_matched,26,1367,1.0,21.4115,21.675,7.5,2.25,0.0,2000,0.01,1000,1742,1398,344,5567,1000,10.0,20,1000,True
0,er_matched,27,956,1.0,21.4115,21.675,7.5,2.25,0.0,2000,0.01,1000,1742,1398,344,42,23,0.23,3,21,False
0,er_matched,28,485,1.0,21.4115,21.675,7.5,2.25,0.0,2000,0.01,1000,1742,1398,344,79,32,0.32,8,27,False
0,er_matched,29,327,1.0,21.4115,21.675,7.5,2.25,0.0,2000,0.01,1000,1742,1398,344,5354,1000,10.0,15,992,True
0,er_matched,30,1691,1.0,21.4115,21.675,7.5,2.25,0.0,2000,0.01,1000,1742,1398,344,5564,1000,10.0,19,996,True
0,er_matched,31,1869,1.0,21.4115,21.675,7.5,2.25,0.0,2000,0.01,1000,1742,1398,344,223,92,0.92,8,79,False
0,er_matched,32,799,1.0,21.4115,21.675,7.5,2.25,0.0,2000,0.01,1000,1742,1398,344,5434,1000,10.0,14,996,True
0,er_matched,33,1639,1.0,21.4115,21.675,7.5,2.25,0.0,2000,0.01,1000,1742,1398,344,5432,1000,10.0,17,997,True
0,er_matched,34,1484,1.0,21.4115,21.675,7.5,2.25,0.0,2000,0.01,1000,1742,1398,344,6176,1000,10.0,21,997,True
0,er_matched,35,200,1.0,21.4115,21.675,7.5,2.25,0.0,2000,0.01,1000,1742,1398,344,5423,1000,10.0,17,1000,True
0,er_matched,36,658,1.0,21.4115,21.675,7.5,2.25,0.0,2000,0.01,1000,1742,1398,344,68,42,0.42,5,33,False
0,er_matched,37,489,1.0,21.4115,21.675,7.5,2.25,0.0,2000,0.01,1000,1742,1398,344,5301,1000,10.0,21,996,True
0,er_matched,38,530,1.0,21.4115,21.675,7.5,2.25,0.0,2000,0.01,1000,1742,1398,344,3852,711,7.11,16,700,False
0,er_matched,39,1571,1.0,21.4115,21.675,7.5,2.25,0.0,2000,0.01,1000,1742,1398,344,155,50,0.5,8,45,False
0,er_matched,0,481,1.25,26.764375,21.675,7.5,2.25,0.0,2000,0.01,1000,1742,1398,344,220,62,0.62,10,59,False
0,er_matched,1,1276,1.25,26.764375,21.675,7.5,2.25,0.0,2000,0.01,1000,1742,1398,344,5711,1000,10.0,19,997,True
0,er_matched,2,1078,1.25,26.764375,21.675,7.5,2.25,0.0,2000,0.01,1000,1742,1398,344,5115,1000,10.0,17,982,True
0,er_matched,3,1614,1.25,26.764375,21.675,7.5,2.25,0.0,2000,0.01,1000,1742,1398,344,3830,821,8.21,18,794,False
0,er_matched,4,1356,1.25,26.764375,21.675,7.5,2.25,0.0,2000,0.01,1000,1742,1398,344,236,67,0.67,12,61,False
0,er_matched,5,732,1.25,26.764375,21.675,7.5,2.25,0.0,2000,0.01,1000,1742,1398,344,5282,1000,10.0,15,995,True
0,er_matched,6,211,1.25,26.764375,21.675,7.5,2.25,0.0,2000,0.01,1000,1742,1398,344,8,8,0.08,3,4,False
0,er_matched,7,1735,1.25,26.764375,21.675,7.5,2.25,0.0,2000,0.01,1000,1742,1398,344,5653,1000,10.0,18,998,True
0,er_matched,8,1580,1.25,26.764375,21.675,7.5,2.25,0.0,2000,0.01,1000,1742,1398,344,59,27,0.27,7,22,False
0,er_matched,9,411,1.25,26.764375,21.675,7.5,2.25,0.0,2000,0.01,1000,1742,1398,344,131,42,0.42,9,37,False
0,er_matched,10,1670,1.25,26.764375,21.675,7.5,2.25,0.0,2000,0.01,1000,1742,1398,344,9,9,0.09,2,7,False
0,er_matched,11,853,1.25,26.764375,21.675,7.5,2.25,0.0,2000,0.01,1000,1742,1398,344,5320,1000,10.0,16,997,True
0,er_matched,12,174,1.25,26.764375,21.675,7.5,2.25,0.0,2000,0.01,1000,1742,1398,344,5407,1000,10.0,15,998,True
0,er_matched,13,1644,1.25,26.764375,21.675,7.5,2.25,0.0,2000,0.01,1000,1742,1398,344,399,111,1.11,11,102,False
0,er_matched,14,663,1.25,26.764375,21.675,7.5,2.25,0.0,2000,0.01,1000,1742,1398,344,2,4,0.04,1,2,False
0,er_matched,15,656,1.25,26.764375,21.675,7.5,2.25,0.0,2000,0.01,1000,1742,1398,344,303,96,0.96,10,84,False
0,er_matched,16,875,1.25,26.764375,21.675,7.5,2.25,0.0,2000,0.01,1000,1742,1398,344,5420,1000,10.0,18,989,True
0,er_matched,17,643,1.25,26.764375,21.675,7.5,2.25,0.0,2000,0.01,1000,1742,1398,344,309,105,1.05,8,97,False
0,er_matched,18,288,1.25,26.764375,21.675,7.5,2.25,0.0,2000,0.01,1000,1742,1398,344,5599,1000,10.0,18,1000,True
0,er_matched,19,945,1.25,26.764375,21.675,7.5,2.25,0.0,2000,0.01,1000,1742,1398,344,60,18,0.18,8,16,False
0,er_matched,20,1126,1.25,26.764375,21.675,7.5,2.25,0.0,2000,0.01,1000,1742,1398,344,5655,1000,10.0,15,999,True
0,er_matched,21,1912,1.25,26.764375,21.675,7.5,2.25,0.0,2000,0.01,1000,1742,1398,344,5351,1000,10.0,16,990,True
0,er_matched,22,693,1.25,26.764375,21.675,7.5,2.25,0.0,2000,0.01,1000,1742,1398,344,5268,1000,10.0,18,987,True
0,er_matched,23,230,1.25,26.764375,21.675,7.5,2.25,0.0,2000,0.01,1000,1742,1398,344,334,85,0.85,14,78,False
0,er_matched,24,1444,1.25,26.764375,21.675,7.5,2.25,0.0,2000,0.01,1000,1742,1398,344,5463,1000,10.0,16,1000,True
0,er_matched,25,1849,1.25,26.764375,21.675,7.5,2.25,0.0,2000,0.01,1000,1742,1398,344,37,21,0.21,4,17,False
0,er_matched,26,1407,1.25,26.764375,21.675,7.5,2.25,0.0,2000,0.01,1000,1742,1398,344,78,28,0.28,8,24,False
0,er_matched,27,70,1.25,26.764375,21.675,7.5,2.25,0.0,2000,0.01,1000,1742,1398,344,4109,781,7.8100000000000005,20,776,False
0,er_matched,28,1579,1.25,26.764375,21.675,7.5,2.25,0.0,2000,0.01,1000,1742,1398,344,5423,1000,10.0,16,994,True
0,er_matched,29,566,1.25,26.764375,21.675,7.5,2.25,0.0,2000,0.01,1000,1742,1398,344,5231,1000,10.0,16,986,True
0,er_matched,30,1133,1.25,26.764375,21.675,7.5,2.25,0.0,2000,0.01,1000,1742,1398,344,315,82,0.8200000000000001,11,77,False
0,er_matched,31,1121,1.25,26.764375,21.675,7.5,2.25,0.0,2000,0.01,1000,1742,1398,344,5473,1000,10.0,17,998,True
0,er_matched,32,1114,1.25,26.764375,21.675,7.5,2.25,0.0,2000,0.01,1000,1742,1398,344,15,8,0.08,6,6,False
0,er_matched,33,1659,1.25,26.764375,21.675,7.5,2.25,0.0,2000,0.01,1000,1742,1398,344,173,62,0.62,8,55,False
0,er_matched,34,810,1.25,26.764375,21.675,7.5,2.25,0.0,2000,0.01,1000,1742,1398,344,75,37,0.37,6,32,False
0,er_matched,35,1478,1.25,26.764375,21.675,7.5,2.25,0.0,2000,0.01,1000,1742,1398,344,235,98,0.98,10,86,False
0,er_matched,36,385,1.25,26.764375,21.675,7.5,2.25,0.0,2000,0.01,1000,1742,1398,344,6,5,0.05,3,3,False
0,er_matched,37,1910,1.25,26.764375,21.675,7.5,2.25,0.0,2000,0.01,1000,1742,1398,344,162,57,0.5700000000000001,10,48,False
0,er_matched,38,1975,1.25,26.764375,21.675,7.5,2.25,0.0,2000,0.01,1000,1742,1398,344,5813,1000,10.0,17,999,True
0,er_matched,39,1300,1.25,26.764375,21.675,7.5,2.25,0.0,2000,0.01,1000,1742,1398,344,5290,1000,10.0,18,982,True
0,er_matched,0,1782,1.5,32.11725,21.675,7.5,2.25,0.0,2000,0.01,1000,1742,1398,344,5310,1000,10.0,16,1000,True
0,er_matched,1,737,1.5,32.11725,21.675,7.5,2.25,0.0,2000,0.01,1000,1742,1398,344,5234,1000,10.0,16,994,True
0,er_matched,2,1467,1.5,32.11725,21.675,7.5,2.25,0.0,2000,0.01,1000,1742,1398,344,5893,1000,10.0,17,997,True
0,er_matched,3,1416,1.5,32.11725,21.675,7.5,2.25,0.0,2000,0.01,1000,1742,1398,344,370,128,1.28,11,114,False
0,er_matched,4,44,1.5,32.11725,21.675,7.5,2.25,0.0,2000,0.01,1000,1742,1398,344,28,12,0.12,4,10,False
0,er_matched,5,1393,1.5,32.11725,21.675,7.5,2.25,0.0,2000,0.01,1000,1742,1398,344,5644,1000,10.0,18,998,True
0,er_matched,6,473,1.5,32.11725,21.675,7.5,2.25,0.0,2000,0.01,1000,1742,1398,344,5461,1000,10.0,18,998,True
0,er_matched,7,728,1.5,32.11725,21.675,7.5,2.25,0.0,2000,0.01,1000,1742,1398,344,385,110,1.1,18,100,False
0,er_matched,8,1015,1.5,32.11725,21.675,7.5,2.25,0.0,2000,0.01,1000,1742,1398,344,289,99,0.99,9,92,False
0,er_matched,9,1762,1.5,32.11725,21.675,7.5,2.25,0.0,2000,0.01,1000,1742,1398,344,5246,1000,10.0,17,991,True
0,er_matched,10,739,1.5,32.11725,21.675,7.5,2.25,0.0,2000,0.01,1000,1742,1398,344,155,47,0.47000000000000003,11,43,False
0,er_matched,11,270,1.5,32.11725,21.675,7.5,2.25,0.0,2000,0.01,1000,1742,1398,344,128,39,0.39,11,34,False
0,er_matched,12,1805,1.5,32.11725,21.675,7.5,2.25,0.0,2000,0.01,1000,1742,1398,344,258,61,0.61,11,56,False
0,er_matched,13,1957,1.5,32.11725,21.675,7.5,2.25,0.0,2000,0.01,1000,1742,1398,344,5533,1000,10.0,17,995,True
0,er_matched,14,1903,1.5,32.11725,21.675,7.5,2.25,0.0,2000,0.01,1000,1742,1398,344,63,20,0.2,11,17,False
0,er_matched,15,1622,1.5,32.11725,21.675,7.5,2.25,0.0,2000,0.01,1000,1742,1398,344,5685,1000,10.0,20,997,True
0,er_matched,16,990,1.5,32.11725,21.675,7.5,2.25,0.0,2000,0.01,1000,1742,1398,344,5569,1000,10.0,16,995,True
0,er_matched,17,163,1.5,32.11725,21.675,7.5,2.25,0.0,2000,0.01,1000,1742,1398,344,119,58,0.58,7,50,False
0,er_matched,18,1555,1.5,32.11725,21.675,7.5,2.25,0.0,2000,0.01,1000,1742,1398,344,192,61,0.61,14,55,False
0,er_matched,19,1677,1.5,32.11725,21.675,7.5,2.25,0.0,2000,0.01,1000,1742,1398,344,77,33,0.33,7,29,False
0,er_matched,20,1314,1.5,32.11725,21.675,7.5,2.25,0.0,2000,0.01,1000,1742,1398,344,5211,1000,10.0,17,997,True
0,er_matched,21,408,1.5,32.11725,21.675,7.5,2.25,0.0,2000,0.01,1000,1742,1398,344,389,103,1.03,12,97,False
0,er_matched,22,304,1.5,32.11725,21.675,7.5,2.25,0.0,2000,0.01,1000,1742,1398,344,264,66,0.66,13,58,False
0,er_matched,23,1791,1.5,32.11725,21.675,7.5,2.25,0.0,2000,0.01,1000,1742,1398,344,5483,1000,10.0,21,1000,True
0,er_matched,24,4,1.5,32.11725,21.675,7.5,2.25,0.0,2000,0.01,1000,1742,1398,344,5506,1000,10.0,19,996,True
0,er_matched,25,81,1.5,32.11725,21.675,7.5,2.25,0.0,2000,0.01,1000,1742,1398,344,5151,1000,10.0,16,990,True
0,er_matched,26,1308,1.5,32.11725,21.675,7.5,2.25,0.0,2000,0.01,1000,1742,1398,344,5681,1000,10.0,17,998,True
0,er_matched,27,1556,1.5,32.11725,21.675,7.5,2.25,0.0,2000,0.01,1000,1742,1398,344,5492,1000,10.0,16,996,True
0,er_matched,28,1465,1.5,32.11725,21.675,7.5,2.25,0.0,2000,0.01,1000,1742,1398,344,5778,1000,10.0,17,1000,True
0,er_matched,29,1536,1.5,32.11725,21.675,7.5,2.25,0.0,2000,0.01,1000,1742,1398,344,287,99,0.99,8,90,False
0,er_matched,30,1711,1.5,32.11725,21.675,7.5,2.25,0.0,2000,0.01,1000,1742,1398,344,5173,1000,10.0,16,999,True
0,er_matched,31,159,1.5,32.11725,21.675,7.5,2.25,0.0,2000,0.01,1000,1742,1398,344,5135,1000,10.0,14,991,True
0,er_matched,32,690,1.5,32.11725,21.675,7.5,2.25,0.0,2000,0.01,1000,1742,1398,344,5374,1000,10.0,16,996,True
0,er_matched,33,941,1.5,32.11725,21.675,7.5,2.25,0.0,2000,0.01,1000,1742,1398,344,130,55,0.55,8,45,False
0,er_matched,34,1218,1.5,32.11725,21.675,7.5,2.25,0.0,2000,0.01,1000,1742,1398,344,5489,1000,10.0,17,995,True
0,er_matched,35,1683,1.5,32.11725,21.675,7.5,2.25,0.0,2000,0.01,1000,1742,1398,344,85,30,0.3,11,27,False
0,er_matched,36,814,1.5,32.11725,21.675,7.5,2.25,0.0,2000,0.01,1000,1742,1398,344,5088,1000,10.0,16,985,True
0,er_matched,37,1544,1.5,32.11725,21.675,7.5,2.25,0.0,2000,0.01,1000,1742,1398,344,5432,1000,10.0,17,1000,True
0,er_matched,38,1805,1.5,32.11725,21.675,7.5,2.25,0.0,2000,0.01,1000,1742,1398,344,85,40,0.4,7,31,False
0,er_matched,39,868,1.5,32.11725,21.675,7.5,2.25,0.0,2000,0.01,1000,1742,1398,344,545,152,1.52,13,143,False
1,hiermod,0,1968,0.5,10.70575,21.675,7.5,2.25,0.0,2000,0.01,1000,1628,1302,326,115,35,0.35000000000000003,10,29,False
1,hiermod,1,1002,0.5,10.70575,21.675,7.5,2.25,0.0,2000,0.01,1000,1628,1302,326,1061,360,3.6,15,327,False
1,hiermod,2,307,0.5,10.70575,21.675,7.5,2.25,0.0,2000,0.01,1000,1628,1302,326,14,11,0.11,4,8,False
1,hiermod,3,968,0.5,10.70575,21.675,7.5,2.25,0.0,2000,0.01,1000,1628,1302,326,203,52,0.52,13,48,False
1,hiermod,4,142,0.5,10.70575,21.675,7.5,2.25,0.0,2000,0.01,1000,1628,1302,326,191,84,0.84,8,74,False
1,hiermod,5,1979,0.5,10.70575,21.675,7.5,2.25,0.0,2000,0.01,1000,1628,1302,326,639,232,2.32,14,202,False
1,hiermod,6,297,0.5,10.70575,21.675,7.5,2.25,0.0,2000,0.01,1000,1628,1302,326,964,325,3.25,12,298,False
1,hiermod,7,1210,0.5,10.70575,21.675,7.5,2.25,0.0,2000,0.01,1000,1628,1302,326,29,10,0.1,7,8,False
1,hiermod,8,135,0.5,10.70575,21.675,7.5,2.25,0.0,2000,0.01,1000,1628,1302,326,401,91,0.91,13,87,False
1,hiermod,9,833,0.5,10.70575,21.675,7.5,2.25,0.0,2000,0.01,1000,1628,1302,326,2,4,0.04,1,2,False
1,hiermod,10,37,0.5,10.70575,21.675,7.5,2.25,0.0,2000,0.01,1000,1628,1302,326,142,59,0.59,9,51,False
1,hiermod,11,626,0.5,10.70575,21.675,7.5,2.25,0.0,2000,0.01,1000,1628,1302,326,5,8,0.08,1,5,False
1,hiermod,12,602,0.5,10.70575,21.675,7.5,2.25,0.0,2000,0.01,1000,1628,1302,326,301,102,1.02,8,96,False
1,hiermod,13,1689,0.5,10.70575,21.675,7.5,2.25,0.0,2000,0.01,1000,1628,1302,326,305,109,1.09,11,99,False
1,hiermod,14,616,0.5,10.70575,21.675,7.5,2.25,0.0,2000,0.01,1000,1628,1302,326,128,45,0.45,10,38,False
1,hiermod,15,1716,0.5,10.70575,21.675,7.5,2.25,0.0,2000,0.01,1000,1628,1302,326,263,80,0.8,11,73,False
1,hiermod,16,491,0.5,10.70575,21.675,7.5,2.25,0.0,2000,0.01,1000,1628,1302,326,473,158,1.58,10,147,False
1,hiermod,17,1194,0.5,10.70575,21.675,7.5,2.25,0.0,2000,0.01,1000,1628,1302,326,107,43,0.43,12,37,False
1,hiermod,18,1584,0.5,10.70575,21.675,7.5,2.25,0.0,2000,0.01,1000,1628,1302,326,323,97,0.97,12,87,False
1,hiermod,19,693,0.5,10.70575,21.675,7.5,2.25,0.0,2000,0.01,1000,1628,1302,326,579,201,2.0100000000000002,10,185,False
1,hiermod,20,840,0.5,10.70575,21.675,7.5,2.25,0.0,2000,0.01,1000,1628,1302,326,238,76,0.76,11,68,False
1,hiermod,21,687,0.5,10.70575,21.675,7.5,2.25,0.0,2000,0.01,1000,1628,1302,326,98,47,0.47000000000000003,5,41,False
1,hiermod,22,535,0.5,10.70575,21.675,7.5,2.25,0.0,2000,0.01,1000,1628,1302,326,371,102,1.02,16,94,False
1,hiermod,23,1642,0.5,10.70575,21.675,7.5,2.25,0.0,2000,0.01,1000,1628,1302,326,65,30,0.3,7,25,False
1,hiermod,24,880,0.5,10.70575,21.675,7.5,2.25,0.0,2000,0.01,1000,1628,1302,326,965,281,2.81,12,261,False
1,hiermod,25,486,0.5,10.70575,21.675,7.5,2.25,0.0,2000,0.01,1000,1628,1302,326,37,13,0.13,9,11,False
1,hiermod,26,848,0.5,10.70575,21.675,7.5,2.25,0.0,2000,0.01,1000,1628,1302,326,345,92,0.92,15,83,False
1,hiermod,27,901,0.5,10.70575,21.675,7.5,2.25,0.0,2000,0.01,1000,1628,1302,326,161,52,0.52,10,46,False
1,hiermod,28,858,0.5,10.70575,21.675,7.5,2.25,0.0,2000,0.01,1000,1628,1302,326,97,46,0.46,6,37,False
1,hiermod,29,1622,0.5,10.70575,21.675,7.5,2.25,0.0,2000,0.01,1000,1628,1302,326,251,89,0.89,8,79,False
1,hiermod,30,1925,0.5,10.70575,21.675,7.5,2.25,0.0,2000,0.01,1000,1628,1302,326,1500,541,5.41,13,490,False
1,hiermod,31,1273,0.5,10.70575,21.675,7.5,2.25,0.0,2000,0.01,1000,1628,1302,326,250,91,0.91,9,79,False
1,hiermod,32,1156,0.5,10.70575,21.675,7.5,2.25,0.0,2000,0.01,1000,1628,1302,326,100,52,0.52,6,40,False
1,hiermod,33,940,0.5,10.70575,21.675,7.5,2.25,0.0,2000,0.01,1000,1628,1302,326,217,64,0.64,15,57,False
1,hiermod,34,632,0.5,10.70575,21.675,7.5,2.25,0.0,2000,0.01,1000,1628,1302,326,504,174,1.74,9,159,False
1,hiermod,35,72,0.5,10.70575,21.675,7.5,2.25,0.0,2000,0.01,1000,1628,1302,326,303,114,1.1400000000000001,8,102,False
1,hiermod,36,644,0.5,10.70575,21.675,7.5,2.25,0.0,2000,0.01,1000,1628,1302,326,83,17,0.17,14,14,False
1,hiermod,37,1952,0.5,10.70575,21.675,7.5,2.25,0.0,2000,0.01,1000,1628,1302,326,518,178,1.78,10,158,False
1,hiermod,38,1031,0.5,10.70575,21.675,7.5,2.25,0.0,2000,0.01,1000,1628,1302,326,32,14,0.14,5,12,False
1,hiermod,39,1609,0.5,10.70575,21.675,7.5,2.25,0.0,2000,0.01,1000,1628,1302,326,1324,453,4.53,13,416,False
1,hiermod,0,1262,0.75,16.058625,21.675,7.5,2.25,0.0,2000,0.01,1000,1628,1302,326,1166,363,3.63,10,341,False
1,hiermod,1,1462,0.75,16.058625,21.675,7.5,2.25,0.0,2000,0.01,1000,1628,1302,326,1751,490,4.9,16,451,False
1,hiermod,2,1322,0.75,16.058625,21.675,7.5,2.25,0.0,2000,0.01,1000,1628,1302,326,537,161,1.61,15,143,False
1,hiermod,3,1913,0.75,16.058625,21.675,7.5,2.25,0.0,2000,0.01,1000,1628,1302,326,816,286,2.86,14,258,False
1,hiermod,4,872,0.75,16.058625,21.675,7.5,2.25,0.0,2000,0.01,1000,1628,1302,326,481,154,1.54,10,136,False
1,hiermod,5,596,0.75,16.058625,21.675,7.5,2.25,0.0,2000,0.01,1000,1628,1302,326,106,46,0.46,9,37,False
1,hiermod,6,1931,0.75,16.058625,21.675,7.5,2.25,0.0,2000,0.01,1000,1628,1302,326,78,19,0.19,8,16,False
1,hiermod,7,340,0.75,16.058625,21.675,7.5,2.25,0.0,2000,0.01,1000,1628,1302,326,581,167,1.67,10,154,False
1,hiermod,8,1205,0.75,16.058625,21.675,7.5,2.25,0.0,2000,0.01,1000,1628,1302,326,23,15,0.15,4,11,False
1,hiermod,9,3,0.75,16.058625,21.675,7.5,2.25,0.0,2000,0.01,1000,1628,1302,326,75,17,0.17,8,15,False
1,hiermod,10,718,0.75,16.058625,21.675,7.5,2.25,0.0,2000,0.01,1000,1628,1302,326,180,59,0.59,16,56,False
1,hiermod,11,1527,0.75,16.058625,21.675,7.5,2.25,0.0,2000,0.01,1000,1628,1302,326,828,242,2.42,11,222,False
1,hiermod,12,110,0.75,16.058625,21.675,7.5,2.25,0.0,2000,0.01,1000,1628,1302,326,629,188,1.8800000000000001,12,172,False
1,hiermod,13,675,0.75,16.058625,21.675,7.5,2.25,0.0,2000,0.01,1000,1628,1302,326,5,5,0.05,3,3,False
1,hiermod,14,155,0.75,16.058625,21.675,7.5,2.25,0.0,2000,0.01,1000,1628,1302,326,388,124,1.24,12,111,False
1,hiermod,15,249,0.75,16.058625,21.675,7.5,2.25,0.0,2000,0.01,1000,1628,1302,326,153,54,0.54,6,51,False
1,hiermod,16,1192,0.75,16.058625,21.675,7.5,2.25,0.0,2000,0.01,1000,1628,1302,326,457,153,1.53,12,141,False
1,hiermod,17,370,0.75,16.058625,21.675,7.5,2.25,0.0,2000,0.01,1000,1628,1302,326,1185,425,4.25,10,385,False
1,hiermod,18,1399,0.75,16.058625,21.675,7.5,2.25,0.0,2000,0.01,1000,1628,1302,326,57,21,0.21,7,19,False
1,hiermod,19,1108,0.75,16.058625,21.675,7.5,2.25,0.0,2000,0.01,1000,1628,1302,326,225,79,0.79,12,70,False
1,hiermod,20,1793,0.75,16.058625,21.675,7.5,2.25,0.0,2000,0.01,1000,1628,1302,326,187,70,0.7000000000000001,7,65,False
1,hiermod,21,1062,0.75,16.058625,21.675,7.5,2.25,0.0,2000,0.01,1000,1628,1302,326,19,8,0.08,7,6,False
1,hiermod,22,11,0.75,16.058625,21.675,7.5,2.25,0.0,2000,0.01,1000,1628,1302,326,248,95,0.9500000000000001,7,83,False
1,hiermod,23,937,0.75,16.058625,21.675,7.5,2.25,0.0,2000,0.01,1000,1628,1302,326,233,64,0.64,13,58,False
1,hiermod,24,1736,0.75,16.058625,21.675,7.5,2.25,0.0,2000,0.01,1000,1628,1302,326,351,112,1.12,9,103,False
1,hiermod,25,1874,0.75,16.058625,21.675,7.5,2.25,0.0,2000,0.01,1000,1628,1302,326,236,75,0.75,8,69,False
1,hiermod,26,1214,0.75,16.058625,21.675,7.5,2.25,0.0,2000,0.01,1000,1628,1302,326,68,30,0.3,9,25,False
1,hiermod,27,742,0.75,16.058625,21.675,7.5,2.25,0.0,2000,0.01,1000,1628,1302,326,68,26,0.26,7,24,False
1,hiermod,28,855,0.75,16.058625,21.675,7.5,2.25,0.0,2000,0.01,1000,1628,1302,326,310,82,0.8200000000000001,16,77,False
1,hiermod,29,676,0.75,16.058625,21.675,7.5,2.25,0.0,2000,0.01,1000,1628,1302,326,175,62,0.62,8,51,False
1,hiermod,30,1242,0.75,16.058625,21.675,7.5,2.25,0.0,2000,0.01,1000,1628,1302,326,118,47,0.47000000000000003,6,41,False
1,hiermod,31,1880,0.75,16.058625,21.675,7.5,2.25,0.0,2000,0.01,1000,1628,1302,326,170,34,0.34,14,30,False
1,hiermod,32,1333,0.75,16.058625,21.675,7.5,2.25,0.0,2000,0.01,1000,1628,1302,326,55,16,0.16,10,13,False
1,hiermod,33,1209,0.75,16.058625,21.675,7.5,2.25,0.0,2000,0.01,1000,1628,1302,326,484,165,1.6500000000000001,12,153,False
1,hiermod,34,1277,0.75,16.058625,21.675,7.5,2.25,0.0,2000,0.01,1000,1628,1302,326,33,14,0.14,6,12,False
1,hiermod,35,147,0.75,16.058625,21.675,7.5,2.25,0.0,2000,0.01,1000,1628,1302,326,1057,290,2.9,15,274,False
1,hiermod,36,1406,0.75,16.058625,21.675,7.5,2.25,0.0,2000,0.01,1000,1628,1302,326,4,5,0.05,2,3,False
1,hiermod,37,793,0.75,16.058625,21.675,7.5,2.25,0.0,2000,0.01,1000,1628,1302,326,152,50,0.5,14,45,False
1,hiermod,38,738,0.75,16.058625,21.675,7.5,2.25,0.0,2000,0.01,1000,1628,1302,326,280,87,0.87,11,79,False
1,hiermod,39,1752,0.75,16.058625,21.675,7.5,2.25,0.0,2000,0.01,1000,1628,1302,326,114,41,0.41000000000000003,8,35,False
1,hiermod,0,82,1.0,21.4115,21.675,7.5,2.25,0.0,2000,0.01,1000,1628,1302,326,506,154,1.54,11,141,False
1,hiermod,1,224,1.0,21.4115,21.675,7.5,2.25,0.0,2000,0.01,1000,1628,1302,326,356,106,1.06,14,92,False
1,hiermod,2,1687,1.0,21.4115,21.675,7.5,2.25,0.0,2000,0.01,1000,1628,1302,326,8,9,0.09,2,7,False
1,hiermod,3,1373,1.0,21.4115,21.675,7.5,2.25,0.0,2000,0.01,1000,1628,1302,326,482,163,1.6300000000000001,12,147,False
1,hiermod,4,1450,1.0,21.4115,21.675,7.5,2.25,0.0,2000,0.01,1000,1628,1302,326,195,70,0.7000000000000001,9,60,False
1,hiermod,5,923,1.0,21.4115,21.675,7.5,2.25,0.0,2000,0.01,1000,1628,1302,326,211,70,0.7000000000000001,8,64,False
1,hiermod,6,1571,1.0,21.4115,21.675,7.5,2.25,0.0,2000,0.01,1000,1628,1302,326,23,15,0.15,3,12,False
1,hiermod,7,595,1.0,21.4115,21.675,7.5,2.25,0.0,2000,0.01,1000,1628,1302,326,131,54,0.54,6,48,False
1,hiermod,8,1862,1.0,21.4115,21.675,7.5,2.25,0.0,2000,0.01,1000,1628,1302,326,102,28,0.28,9,26,False
1,hiermod,9,1048,1.0,21.4115,21.675,7.5,2.25,0.0,2000,0.01,1000,1628,1302,326,143,40,0.4,9,36,False
1,hiermod,10,545,1.0,21.4115,21.675,7.5,2.25,0.0,2000,0.01,1000,1628,1302,326,391,133,1.33,13,117,False
1,hiermod,11,1156,1.0,21.4115,21.675,7.5,2.25,0.0,2000,0.01,1000,1628,1302,326,370,98,0.98,13,90,False
1,hiermod,12,789,1.0,21.4115,21.675,7.5,2.25,0.0,2000,0.01,1000,1628,1302,326,262,72,0.72,12,68,False
1,hiermod,13,456,1.0,21.4115,21.675,7.5,2.25,0.0,2000,0.01,1000,1628,1302,326,327,75,0.75,12,70,False
1,hiermod,14,69,1.0,21.4115,21.675,7.5,2.25,0.0,2000,0.01,1000,1628,1302,326,237,88,0.88,9,76,False
1,hiermod,15,215,1.0,21.4115,21.675,7.5,2.25,0.0,2000,0.01,1000,1628,1302,326,13,9,0.09,4,7,False
1,hiermod,16,598,1.0,21.4115,21.675,7.5,2.25,0.0,2000,0.01,1000,1628,1302,326,647,229,2.29,9,211,False
1,hiermod,17,1463,1.0,21.4115,21.675,7.5,2.25,0.0,2000,0.01,1000,1628,1302,326,128,32,0.32,14,30,False
1,hiermod,18,937,1.0,21.4115,21.675,7.5,2.25,0.0,2000,0.01,1000,1628,1302,326,158,46,0.46,11,41,False
1,hiermod,19,465,1.0,21.4115,21.675,7.5,2.25,0.0,2000,0.01,1000,1628,1302,326,31,14,0.14,5,12,False
1,hiermod,20,600,1.0,21.4115,21.675,7.5,2.25,0.0,2000,0.01,1000,1628,1302,326,589,203,2.0300000000000002,11,180,False
1,hiermod,21,1913,1.0,21.4115,21.675,7.5,2.25,0.0,2000,0.01,1000,1628,1302,326,1092,352,3.52,14,321,False
1,hiermod,22,1330,1.0,21.4115,21.675,7.5,2.25,0.0,2000,0.01,1000,1628,1302,326,5,5,0.05,3,3,False
1,hiermod,23,1622,1.0,21.4115,21.675,7.5,2.25,0.0,2000,0.01,1000,1628,1302,326,594,187,1.87,13,167,False
1,hiermod,24,1145,1.0,21.4115,21.675,7.5,2.25,0.0,2000,0.01,1000,1628,1302,326,136,57,0.5700000000000001,7,49,False
1,hiermod,25,1171,1.0,21.4115,21.675,7.5,2.25,0.0,2000,0.01,1000,1628,1302,326,486,123,1.23,11,117,False
1,hiermod,26,857,1.0,21.4115,21.675,7.5,2.25,0.0,2000,0.01,1000,1628,1302,326,65,33,0.33,9,27,False
1,hiermod,27,1502,1.0,21.4115,21.675,7.5,2.25,0.0,2000,0.01,1000,1628,1302,326,4,5,0.05,2,3,False
1,hiermod,28,1895,1.0,21.4115,21.675,7.5,2.25,0.0,2000,0.01,1000,1628,1302,326,473,158,1.58,12,144,False
1,hiermod,29,1368,1.0,21.4115,21.675,7.5,2.25,0.0,2000,0.01,1000,1628,1302,326,282,89,0.89,9,84,False
1,hiermod,30,507,1.0,21.4115,21.675,7.5,2.25,0.0,2000,0.01,1000,1628,1302,326,399,142,1.42,9,128,False
1,hiermod,31,1548,1.0,21.4115,21.675,7.5,2.25,0.0,2000,0.01,1000,1628,1302,326,13,11,0.11,3,8,False
1,hiermod,32,1557,1.0,21.4115,21.675,7.5,2.25,0.0,2000,0.01,1000,1628,1302,326,167,59,0.59,8,53,False
1,hiermod,33,1400,1.0,21.4115,21.675,7.5,2.25,0.0,2000,0.01,1000,1628,1302,326,301,107,1.07,10,94,False
1,hiermod,34,1869,1.0,21.4115,21.675,7.5,2.25,0.0,2000,0.01,1000,1628,1302,326,565,193,1.93,11,168,False
1,hiermod,35,1918,1.0,21.4115,21.675,7.5,2.25,0.0,2000,0.01,1000,1628,1302,326,1531,518,5.18,13,466,False
1,hiermod,36,1424,1.0,21.4115,21.675,7.5,2.25,0.0,2000,0.01,1000,1628,1302,326,1465,457,4.57,13,432,False
1,hiermod,37,1281,1.0,21.4115,21.675,7.5,2.25,0.0,2000,0.01,1000,1628,1302,326,344,126,1.26,15,113,False
1,hiermod,38,1182,1.0,21.4115,21.675,7.5,2.25,0.0,2000,0.01,1000,1628,1302,326,1319,432,4.32,16,397,False
1,hiermod,39,571,1.0,21.4115,21.675,7.5,2.25,0.0,2000,0.01,1000,1628,1302,326,156,55,0.55,12,48,False
1,hiermod,0,665,1.25,26.764375,21.675,7.5,2.25,0.0,2000,0.01,1000,1628,1302,326,432,141,1.41,12,130,False
1,hiermod,1,133,1.25,26.764375,21.675,7.5,2.25,0.0,2000,0.01,1000,1628,1302,326,19,9,0.09,5,7,False
1,hiermod,2,1357,1.25,26.764375,21.675,7.5,2.25,0.0,2000,0.01,1000,1628,1302,326,144,58,0.58,9,48,False
1,hiermod,3,948,1.25,26.764375,21.675,7.5,2.25,0.0,2000,0.01,1000,1628,1302,326,621,203,2.0300000000000002,12,187,False
1,hiermod,4,405,1.25,26.764375,21.675,7.5,2.25,0.0,2000,0.01,1000,1628,1302,326,424,153,1.53,11,137,False
1,hiermod,5,779,1.25,26.764375,21.675,7.5,2.25,0.0,2000,0.01,1000,1628,1302,326,339,121,1.21,9,108,False
1,hiermod,6,987,1.25,26.764375,21.675,7.5,2.25,0.0,2000,0.01,1000,1628,1302,326,916,259,2.59,10,243,False
1,hiermod,7,1213,1.25,26.764375,21.675,7.5,2.25,0.0,2000,0.01,1000,1628,1302,326,211,59,0.59,11,53,False
1,hiermod,8,461,1.25,26.764375,21.675,7.5,2.25,0.0,2000,0.01,1000,1628,1302,326,201,81,0.81,8,70,False
1,hiermod,9,405,1.25,26.764375,21.675,7.5,2.25,0.0,2000,0.01,1000,1628,1302,326,2,4,0.04,1,2,False
1,hiermod,10,1104,1.25,26.764375,21.675,7.5,2.25,0.0,2000,0.01,1000,1628,1302,326,314,107,1.07,8,93,False
1,hiermod,11,110,1.25,26.764375,21.675,7.5,2.25,0.0,2000,0.01,1000,1628,1302,326,29,18,0.18,7,13,False
1,hiermod,12,1021,1.25,26.764375,21.675,7.5,2.25,0.0,2000,0.01,1000,1628,1302,326,127,58,0.58,9,49,False
1,hiermod,13,1227,1.25,26.764375,21.675,7.5,2.25,0.0,2000,0.01,1000,1628,1302,326,130,40,0.4,8,36,False
1,hiermod,14,674,1.25,26.764375,21.675,7.5,2.25,0.0,2000,0.01,1000,1628,1302,326,1525,394,3.94,15,372,False
1,hiermod,15,842,1.25,26.764375,21.675,7.5,2.25,0.0,2000,0.01,1000,1628,1302,326,314,126,1.26,8,113,False
1,hiermod,16,1146,1.25,26.764375,21.675,7.5,2.25,0.0,2000,0.01,1000,1628,1302,326,88,43,0.43,7,34,False
1,hiermod,17,202,1.25,26.764375,21.675,7.5,2.25,0.0,2000,0.01,1000,1628,1302,326,1928,614,6.140000000000001,13,555,False
1,hiermod,18,1900,1.25,26.764375,21.675,7.5,2.25,0.0,2000,0.01,1000,1628,1302,326,312,94,0.9400000000000001,10,87,False
1,hiermod,19,1937,1.25,26.764375,21.675,7.5,2.25,0.0,2000,0.01,1000,1628,1302,326,1692,437,4.37,14,409,False
1,hiermod,20,1113,1.25,26.764375,21.675,7.5,2.25,0.0,2000,0.01,1000,1628,1302,326,348,113,1.1300000000000001,11,102,False
1,hiermod,21,1746,1.25,26.764375,21.675,7.5,2.25,0.0,2000,0.01,1000,1628,1302,326,601,155,1.55,19,140,False
1,hiermod,22,978,1.25,26.764375,21.675,7.5,2.25,0.0,2000,0.01,1000,1628,1302,326,105,43,0.43,6,39,False
1,hiermod,23,523,1.25,26.764375,21.675,7.5,2.25,0.0,2000,0.01,1000,1628,1302,326,160,48,0.48,8,45,False
1,hiermod,24,959,1.25,26.764375,21.675,7.5,2.25,0.0,2000,0.01,1000,1628,1302,326,511,156,1.56,13,138,False
1,hiermod,25,135,1.25,26.764375,21.675,7.5,2.25,0.0,2000,0.01,1000,1628,1302,326,89,25,0.25,8,23,False
1,hiermod,26,1663,1.25,26.764375,21.675,7.5,2.25,0.0,2000,0.01,1000,1628,1302,326,399,132,1.32,12,124,False
1,hiermod,27,581,1.25,26.764375,21.675,7.5,2.25,0.0,2000,0.01,1000,1628,1302,326,181,56,0.56,10,50,False
1,hiermod,28,1794,1.25,26.764375,21.675,7.5,2.25,0.0,2000,0.01,1000,1628,1302,326,379,133,1.33,8,118,False
1,hiermod,29,948,1.25,26.764375,21.675,7.5,2.25,0.0,2000,0.01,1000,1628,1302,326,251,90,0.9,10,76,False
1,hiermod,30,314,1.25,26.764375,21.675,7.5,2.25,0.0,2000,0.01,1000,1628,1302,326,1729,497,4.97,13,460,False
1,hiermod,31,455,1.25,26.764375,21.675,7.5,2.25,0.0,2000,0.01,1000,1628,1302,326,262,85,0.85,9,75,False
1,hiermod,32,742,1.25,26.764375,21.675,7.5,2.25,0.0,2000,0.01,1000,1628,1302,326,219,90,0.9,7,77,False
1,hiermod,33,1701,1.25,26.764375,21.675,7.5,2.25,0.0,2000,0.01,1000,1628,1302,326,546,168,1.68,9,152,False
1,hiermod,34,206,1.25,26.764375,21.675,7.5,2.25,0.0,2000,0.01,1000,1628,1302,326,208,93,0.93,10,79,False
1,hiermod,35,1504,1.25,26.764375,21.675,7.5,2.25,0.0,2000,0.01,1000,1628,1302,326,114,31,0.31,9,28,False
1,hiermod,36,814,1.25,26.764375,21.675,7.5,2.25,0.0,2000,0.01,1000,1628,1302,326,523,139,1.3900000000000001,15,129,False
1,hiermod,37,913,1.25,26.764375,21.675,7.5,2.25,0.0,2000,0.01,1000,1628,1302,326,284,92,0.92,11,83,False
1,hiermod,38,1987,1.25,26.764375,21.675,7.5,2.25,0.0,2000,0.01,1000,1628,1302,326,365,133,1.33,11,120,False
1,hiermod,39,804,1.25,26.764375,21.675,7.5,2.25,0.0,2000,0.01,1000,1628,1302,326,888,292,2.92,13,264,False
1,hiermod,0,1201,1.5,32.11725,21.675,7.5,2.25,0.0,2000,0.01,1000,1628,1302,326,720,211,2.11,13,194,False
1,hiermod,1,1114,1.5,32.11725,21.675,7.5,2.25,0.0,2000,0.01,1000,1628,1302,326,5,5,0.05,2,3,False
1,hiermod,2,1060,1.5,32.11725,21.675,7.5,2.25,0.0,2000,0.01,1000,1628,1302,326,516,168,1.68,10,149,False
1,hiermod,3,444,1.5,32.11725,21.675,7.5,2.25,0.0,2000,0.01,1000,1628,1302,326,161,58,0.58,9,50,False
1,hiermod,4,47,1.5,32.11725,21.675,7.5,2.25,0.0,2000,0.01,1000,1628,1302,326,192,49,0.49,11,44,False
1,hiermod,5,1868,1.5,32.11725,21.675,7.5,2.25,0.0,2000,0.01,1000,1628,1302,326,262,83,0.8300000000000001,11,75,False
1,hiermod,6,567,1.5,32.11725,21.675,7.5,2.25,0.0,2000,0.01,1000,1628,1302,326,455,123,1.23,14,114,False
1,hiermod,7,759,1.5,32.11725,21.675,7.5,2.25,0.0,2000,0.01,1000,1628,1302,326,231,76,0.76,10,70,False
1,hiermod,8,698,1.5,32.11725,21.675,7.5,2.25,0.0,2000,0.01,1000,1628,1302,326,43,15,0.15,5,13,False
1,hiermod,9,557,1.5,32.11725,21.675,7.5,2.25,0.0,2000,0.01,1000,1628,1302,326,28,19,0.19,3,15,False
1,hiermod,10,1507,1.5,32.11725,21.675,7.5,2.25,0.0,2000,0.01,1000,1628,1302,326,196,87,0.87,9,74,False
1,hiermod,11,253,1.5,32.11725,21.675,7.5,2.25,0.0,2000,0.01,1000,1628,1302,326,52,17,0.17,8,15,False
1,hiermod,12,738,1.5,32.11725,21.675,7.5,2.25,0.0,2000,0.01,1000,1628,1302,326,81,30,0.3,7,27,False
1,hiermod,13,1712,1.5,32.11725,21.675,7.5,2.25,0.0,2000,0.01,1000,1628,1302,326,248,74,0.74,10,69,False
1,hiermod,14,323,1.5,32.11725,21.675,7.5,2.25,0.0,2000,0.01,1000,1628,1302,326,1139,348,3.48,15,321,False
1,hiermod,15,1803,1.5,32.11725,21.675,7.5,2.25,0.0,2000,0.01,1000,1628,1302,326,655,198,1.98,13,182,False
1,hiermod,16,1339,1.5,32.11725,21.675,7.5,2.25,0.0,2000,0.01,1000,1628,1302,326,374,132,1.32,10,115,False
1,hiermod,17,1844,1.5,32.11725,21.675,7.5,2.25,0.0,2000,0.01,1000,1628,1302,326,1057,305,3.0500000000000003,13,285,False
1,hiermod,18,1917,1.5,32.11725,21.675,7.5,2.25,0.0,2000,0.01,1000,1628,1302,326,198,71,0.71,8,64,False
1,hiermod,19,813,1.5,32.11725,21.675,7.5,2.25,0.0,2000,0.01,1000,1628,1302,326,982,330,3.3000000000000003,11,301,False
1,hiermod,20,712,1.5,32.11725,21.675,7.5,2.25,0.0,2000,0.01,1000,1628,1302,326,2,5,0.05,1,2,False
1,hiermod,21,1476,1.5,32.11725,21.675,7.5,2.25,0.0,2000,0.01,1000,1628,1302,326,1792,537,5.37,14,499,False
1,hiermod,22,1754,1.5,32.11725,21.675,7.5,2.25,0.0,2000,0.01,1000,1628,1302,326,422,144,1.44,12,129,False
1,hiermod,23,1886,1.5,32.11725,21.675,7.5,2.25,0.0,2000,0.01,1000,1628,1302,326,286,119,1.19,8,105,False
1,hiermod,24,237,1.5,32.11725,21.675,7.5,2.25,0.0,2000,0.01,1000,1628,1302,326,56,25,0.25,6,23,False
1,hiermod,25,644,1.5,32.11725,21.675,7.5,2.25,0.0,2000,0.01,1000,1628,1302,326,275,95,0.9500000000000001,10,85,False
1,hiermod,26,27,1.5,32.11725,21.675,7.5,2.25,0.0,2000,0.01,1000,1628,1302,326,100,28,0.28,9,26,False
1,hiermod,27,575,1.5,32.11725,21.675,7.5,2.25,0.0,2000,0.01,1000,1628,1302,326,315,95,0.9500000000000001,10,86,False
1,hiermod,28,1032,1.5,32.11725,21.675,7.5,2.25,0.0,2000,0.01,1000,1628,1302,326,19,9,0.09,4,7,False
1,hiermod,29,1892,1.5,32.11725,21.675,7.5,2.25,0.0,2000,0.01,1000,1628,1302,326,178,49,0.49,10,45,False
1,hiermod,30,538,1.5,32.11725,21.675,7.5,2.25,0.0,2000,0.01,1000,1628,1302,326,48,22,0.22,7,19,False
1,hiermod,31,1778,1.5,32.11725,21.675,7.5,2.25,0.0,2000,0.01,1000,1628,1302,326,615,215,2.15,14,193,False
1,hiermod,32,1791,1.5,32.11725,21.675,7.5,2.25,0.0,2000,0.01,1000,1628,1302,326,1836,620,6.2,13,561,False
1,hiermod,33,1840,1.5,32.11725,21.675,7.5,2.25,0.0,2000,0.01,1000,1628,1302,326,273,78,0.78,11,70,False
1,hiermod,34,53,1.5,32.11725,21.675,7.5,2.25,0.0,2000,0.01,1000,1628,1302,326,6,5,0.05,3,3,False
1,hiermod,35,1888,1.5,32.11725,21.675,7.5,2.25,0.0,2000,0.01,1000,1628,1302,326,907,280,2.8000000000000003,13,256,False
1,hiermod,36,351,1.5,32.11725,21.675,7.5,2.25,0.0,2000,0.01,1000,1628,1302,326,164,36,0.36,15,34,False
1,hiermod,37,933,1.5,32.11725,21.675,7.5,2.25,0.0,2000,0.01,1000,1628,1302,326,207,66,0.66,9,60,False
1,hiermod,38,1145,1.5,32.11725,21.675,7.5,2.25,0.0,2000,0.01,1000,1628,1302,326,423,122,1.22,13,110,False
1,hiermod,39,1871,1.5,32.11725,21.675,7.5,2.25,0.0,2000,0.01,1000,1628,1302,326,619,174,1.74,15,160,False
1,er_matched,0,82,0.5,10.70575,21.675,7.5,2.25,0.0,2000,0.01,1000,1628,1302,326,813,271,2.71,10,242,False
1,er_matched,1,224,0.5,10.70575,21.675,7.5,2.25,0.0,2000,0.01,1000,1628,1302,326,243,86,0.86,8,78,False
1,er_matched,2,1299,0.5,10.70575,21.675,7.5,2.25,0.0,2000,0.01,1000,1628,1302,326,19,6,0.06,8,4,False
1,er_matched,3,1521,0.5,10.70575,21.675,7.5,2.25,0.0,2000,0.01,1000,1628,1302,326,119,32,0.32,13,29,False
1,er_matched,4,1357,0.5,10.70575,21.675,7.5,2.25,0.0,2000,0.01,1000,1628,1302,326,86,37,0.37,6,33,False
1,er_matched,5,1779,0.5,10.70575,21.675,7.5,2.25,0.0,2000,0.01,1000,1628,1302,326,174,70,0.7000000000000001,8,61,False
1,er_matched,6,1,0.5,10.70575,21.675,7.5,2.25,0.0,2000,0.01,1000,1628,1302,326,367,132,1.32,8,123,False
1,er_matched,7,1664,0.5,10.70575,21.675,7.5,2.25,0.0,2000,0.01,1000,1628,1302,326,8,7,0.07,3,4,False
1,er_matched,8,1862,0.5,10.70575,21.675,7.5,2.25,0.0,2000,0.01,1000,1628,1302,326,225,69,0.6900000000000001,13,61,False
1,er_matched,9,1048,0.5,10.70575,21.675,7.5,2.25,0.0,2000,0.01,1000,1628,1302,326,224,85,0.85,10,75,False
1,er_matched,10,1256,0.5,10.70575,21.675,7.5,2.25,0.0,2000,0.01,1000,1628,1302,326,324,102,1.02,11,95,False
1,er_matched,11,547,0.5,10.70575,21.675,7.5,2.25,0.0,2000,0.01,1000,1628,1302,326,374,115,1.1500000000000001,10,108,False
1,er_matched,12,163,0.5,10.70575,21.675,7.5,2.25,0.0,2000,0.01,1000,1628,1302,326,384,163,1.6300000000000001,9,135,False
1,er_matched,13,1598,0.5,10.70575,21.675,7.5,2.25,0.0,2000,0.01,1000,1628,1302,326,27,10,0.1,7,8,False
1,er_matched,14,1766,0.5,10.70575,21.675,7.5,2.25,0.0,2000,0.01,1000,1628,1302,326,585,202,2.02,12,180,False
1,er_matched,15,86,0.5,10.70575,21.675,7.5,2.25,0.0,2000,0.01,1000,1628,1302,326,46,26,0.26,6,22,False
1,er_matched,16,1479,0.5,10.70575,21.675,7.5,2.25,0.0,2000,0.01,1000,1628,1302,326,246,70,0.7000000000000001,10,61,False
1,er_matched,17,1083,0.5,10.70575,21.675,7.5,2.25,0.0,2000,0.01,1000,1628,1302,326,7,8,0.08,3,4,False
1,er_matched,18,191,0.5,10.70575,21.675,7.5,2.25,0.0,2000,0.01,1000,1628,1302,326,65,28,0.28,5,26,False
1,er_matched,19,467,0.5,10.70575,21.675,7.5,2.25,0.0,2000,0.01,1000,1628,1302,326,332,116,1.16,11,105,False
1,er_matched,20,1219,0.5,10.70575,21.675,7.5,2.25,0.0,2000,0.01,1000,1628,1302,326,236,92,0.92,10,84,False
1,er_matched,21,281,0.5,10.70575,21.675,7.5,2.25,0.0,2000,0.01,1000,1628,1302,326,920,333,3.33,10,303,False
1,er_matched,22,1330,0.5,10.70575,21.675,7.5,2.25,0.0,2000,0.01,1000,1628,1302,326,8,9,0.09,2,5,False
1,er_matched,23,1622,0.5,10.70575,21.675,7.5,2.25,0.0,2000,0.01,1000,1628,1302,326,1162,363,3.63,13,329,False
1,er_matched,24,1681,0.5,10.70575,21.675,7.5,2.25,0.0,2000,0.01,1000,1628,1302,326,114,38,0.38,10,32,False
1,er_matched,25,571,0.5,10.70575,21.675,7.5,2.25,0.0,2000,0.01,1000,1628,1302,326,448,158,1.58,10,144,False
1,er_matched,26,95,0.5,10.70575,21.675,7.5,2.25,0.0,2000,0.01,1000,1628,1302,326,665,233,2.33,9,215,False
1,er_matched,27,1328,0.5,10.70575,21.675,7.5,2.25,0.0,2000,0.01,1000,1628,1302,326,26,11,0.11,6,9,False
1,er_matched,28,1361,0.5,10.70575,21.675,7.5,2.25,0.0,2000,0.01,1000,1628,1302,326,421,164,1.6400000000000001,12,147,False
1,er_matched,29,1659,0.5,10.70575,21.675,7.5,2.25,0.0,2000,0.01,1000,1628,1302,326,283,102,1.02,8,94,False
1,er_matched,30,356,0.5,10.70575,21.675,7.5,2.25,0.0,2000,0.01,1000,1628,1302,326,168,60,0.6,8,54,False
1,er_matched,31,1747,0.5,10.70575,21.675,7.5,2.25,0.0,2000,0.01,1000,1628,1302,326,384,142,1.42,10,127,False
1,er_matched,32,1548,0.5,10.70575,21.675,7.5,2.25,0.0,2000,0.01,1000,1628,1302,326,1590,532,5.32,14,481,False
1,er_matched,33,1142,0.5,10.70575,21.675,7.5,2.25,0.0,2000,0.01,1000,1628,1302,326,1564,533,5.33,16,487,False
1,er_matched,34,475,0.5,10.70575,21.675,7.5,2.25,0.0,2000,0.01,1000,1628,1302,326,348,118,1.18,14,106,False
1,er_matched,35,954,0.5,10.70575,21.675,7.5,2.25,0.0,2000,0.01,1000,1628,1302,326,939,293,2.93,11,269,False
1,er_matched,36,77,0.5,10.70575,21.675,7.5,2.25,0.0,2000,0.01,1000,1628,1302,326,511,172,1.72,11,157,False
1,er_matched,37,1942,0.5,10.70575,21.675,7.5,2.25,0.0,2000,0.01,1000,1628,1302,326,152,62,0.62,13,51,False
1,er_matched,38,1641,0.5,10.70575,21.675,7.5,2.25,0.0,2000,0.01,1000,1628,1302,326,625,251,2.5100000000000002,9,223,False
1,er_matched,39,956,0.5,10.70575,21.675,7.5,2.25,0.0,2000,0.01,1000,1628,1302,326,178,73,0.73,7,63,False
1,er_matched,0,665,0.75,16.058625,21.675,7.5,2.25,0.0,2000,0.01,1000,1628,1302,326,209,65,0.65,10,56,False
1,er_matched,1,133,0.75,16.058625,21.675,7.5,2.25,0.0,2000,0.01,1000,1628,1302,326,28,20,0.2,4,15,False
1,er_matched,2,739,0.75,16.058625,21.675,7.5,2.25,0.0,2000,0.01,1000,1628,1302,326,123,55,0.55,10,43,False
1,er_matched,3,478,0.75,16.058625,21.675,7.5,2.25,0.0,2000,0.01,1000,1628,1302,326,13,9,0.09,4,7,False
1,er_matched,4,638,0.75,16.058625,21.675,7.5,2.25,0.0,2000,0.01,1000,1628,1302,326,182,58,0.58,10,51,False
1,er_matched,5,223,0.75,16.058625,21.675,7.5,2.25,0.0,2000,0.01,1000,1628,1302,326,18,9,0.09,6,6,False
1,er_matched,6,399,0.75,16.058625,21.675,7.5,2.25,0.0,2000,0.01,1000,1628,1302,326,548,194,1.94,9,176,False
1,er_matched,7,1634,0.75,16.058625,21.675,7.5,2.25,0.0,2000,0.01,1000,1628,1302,326,65,27,0.27,6,22,False
1,er_matched,8,1766,0.75,16.058625,21.675,7.5,2.25,0.0,2000,0.01,1000,1628,1302,326,605,199,1.99,17,178,False
1,er_matched,9,557,0.75,16.058625,21.675,7.5,2.25,0.0,2000,0.01,1000,1628,1302,326,138,49,0.49,8,43,False
1,er_matched,10,257,0.75,16.058625,21.675,7.5,2.25,0.0,2000,0.01,1000,1628,1302,326,820,259,2.59,11,242,False
1,er_matched,11,733,0.75,16.058625,21.675,7.5,2.25,0.0,2000,0.01,1000,1628,1302,326,512,139,1.3900000000000001,12,132,False
1,er_matched,12,712,0.75,16.058625,21.675,7.5,2.25,0.0,2000,0.01,1000,1628,1302,326,2,5,0.05,1,2,False
1,er_matched,13,1058,0.75,16.058625,21.675,7.5,2.25,0.0,2000,0.01,1000,1628,1302,326,18,12,0.12,3,10,False
1,er_matched,14,1537,0.75,16.058625,21.675,7.5,2.25,0.0,2000,0.01,1000,1628,1302,326,288,95,0.9500000000000001,9,82,False
1,er_matched,15,831,0.75,16.058625,21.675,7.5,2.25,0.0,2000,0.01,1000,1628,1302,326,37,17,0.17,7,13,False
1,er_matched,16,1552,0.75,16.058625,21.675,7.5,2.25,0.0,2000,0.01,1000,1628,1302,326,33,25,0.25,3,20,False
1,er_matched,17,1892,0.75,16.058625,21.675,7.5,2.25,0.0,2000,0.01,1000,1628,1302,326,77,21,0.21,7,19,False
1,er_matched,18,1304,0.75,16.058625,21.675,7.5,2.25,0.0,2000,0.01,1000,1628,1302,326,147,55,0.55,7,50,False
1,er_matched,19,131,0.75,16.058625,21.675,7.5,2.25,0.0,2000,0.01,1000,1628,1302,326,37,18,0.18,7,14,False
1,er_matched,20,1007,0.75,16.058625,21.675,7.5,2.25,0.0,2000,0.01,1000,1628,1302,326,1471,374,3.74,12,354,False
1,er_matched,21,1099,0.75,16.058625,21.675,7.5,2.25,0.0,2000,0.01,1000,1628,1302,326,234,82,0.8200000000000001,10,73,False
1,er_matched,22,902,0.75,16.058625,21.675,7.5,2.25,0.0,2000,0.01,1000,1628,1302,326,30,26,0.26,3,18,False
1,er_matched,23,52,0.75,16.058625,21.675,7.5,2.25,0.0,2000,0.01,1000,1628,1302,326,10,7,0.07,3,5,False
1,er_matched,24,468,0.75,16.058625,21.675,7.5,2.25,0.0,2000,0.01,1000,1628,1302,326,13,11,0.11,3,7,False
1,er_matched,25,493,0.75,16.058625,21.675,7.5,2.25,0.0,2000,0.01,1000,1628,1302,326,111,43,0.43,11,38,False
1,er_matched,26,1265,0.75,16.058625,21.675,7.5,2.25,0.0,2000,0.01,1000,1628,1302,326,579,229,2.29,7,202,False
1,er_matched,27,104,0.75,16.058625,21.675,7.5,2.25,0.0,2000,0.01,1000,1628,1302,326,643,241,2.41,9,211,False
1,er_matched,28,1036,0.75,16.058625,21.675,7.5,2.25,0.0,2000,0.01,1000,1628,1302,326,622,197,1.97,11,182,False
1,er_matched,29,1347,0.75,16.058625,21.675,7.5,2.25,0.0,2000,0.01,1000,1628,1302,326,70,36,0.36,8,28,False
1,er_matched,30,844,0.75,16.058625,21.675,7.5,2.25,0.0,2000,0.01,1000,1628,1302,326,7,5,0.05,3,3,False
1,er_matched,31,335,0.75,16.058625,21.675,7.5,2.25,0.0,2000,0.01,1000,1628,1302,326,26,11,0.11,6,8,False
1,er_matched,32,1422,0.75,16.058625,21.675,7.5,2.25,0.0,2000,0.01,1000,1628,1302,326,1252,378,3.7800000000000002,17,359,False
1,er_matched,33,316,0.75,16.058625,21.675,7.5,2.25,0.0,2000,0.01,1000,1628,1302,326,121,48,0.48,7,43,False
1,er_matched,34,1134,0.75,16.058625,21.675,7.5,2.25,0.0,2000,0.01,1000,1628,1302,326,213,70,0.7000000000000001,10,61,False
1,er_matched,35,1142,0.75,16.058625,21.675,7.5,2.25,0.0,2000,0.01,1000,1628,1302,326,589,190,1.9000000000000001,10,170,False
1,er_matched,36,128,0.75,16.058625,21.675,7.5,2.25,0.0,2000,0.01,1000,1628,1302,326,7,7,0.07,3,4,False
1,er_matched,37,550,0.75,16.058625,21.675,7.5,2.25,0.0,2000,0.01,1000,1628,1302,326,997,266,2.66,14,243,False
1,er_matched,38,332,0.75,16.058625,21.675,7.5,2.25,0.0,2000,0.01,1000,1628,1302,326,5,7,0.07,2,4,False
1,er_matched,39,1679,0.75,16.058625,21.675,7.5,2.25,0.0,2000,0.01,1000,1628,1302,326,516,169,1.69,10,155,False
1,er_matched,0,1201,1.0,21.4115,21.675,7.5,2.25,0.0,2000,0.01,1000,1628,1302,326,608,186,1.86,12,170,False
1,er_matched,1,1114,1.0,21.4115,21.675,7.5,2.25,0.0,2000,0.01,1000,1628,1302,326,76,26,0.26,10,21,False
1,er_matched,2,1037,1.0,21.4115,21.675,7.5,2.25,0.0,2000,0.01,1000,1628,1302,326,3,4,0.04,2,2,False
1,er_matched,3,1006,1.0,21.4115,21.675,7.5,2.25,0.0,2000,0.01,1000,1628,1302,326,1003,300,3.0,13,267,False
1,er_matched,4,1436,1.0,21.4115,21.675,7.5,2.25,0.0,2000,0.01,1000,1628,1302,326,192,53,0.53,11,45,False
1,er_matched,5,413,1.0,21.4115,21.675,7.5,2.25,0.0,2000,0.01,1000,1628,1302,326,2,4,0.04,1,2,False
1,er_matched,6,1172,1.0,21.4115,21.675,7.5,2.25,0.0,2000,0.01,1000,1628,1302,326,674,207,2.07,9,193,False
1,er_matched,7,1922,1.0,21.4115,21.675,7.5,2.25,0.0,2000,0.01,1000,1628,1302,326,5,7,0.07,2,4,False
1,er_matched,8,584,1.0,21.4115,21.675,7.5,2.25,0.0,2000,0.01,1000,1628,1302,326,6,7,0.07,2,4,False
1,er_matched,9,747,1.0,21.4115,21.675,7.5,2.25,0.0,2000,0.01,1000,1628,1302,326,698,221,2.21,10,200,False
1,er_matched,10,327,1.0,21.4115,21.675,7.5,2.25,0.0,2000,0.01,1000,1628,1302,326,967,298,2.98,15,274,False
1,er_matched,11,549,1.0,21.4115,21.675,7.5,2.25,0.0,2000,0.01,1000,1628,1302,326,5,4,0.04,4,2,False
1,er_matched,12,309,1.0,21.4115,21.675,7.5,2.25,0.0,2000,0.01,1000,1628,1302,326,165,61,0.61,8,55,False
1,er_matched,13,1203,1.0,21.4115,21.675,7.5,2.25,0.0,2000,0.01,1000,1628,1302,326,601,172,1.72,11,163,False
1,er_matched,14,984,1.0,21.4115,21.675,7.5,2.25,0.0,2000,0.01,1000,1628,1302,326,1024,303,3.0300000000000002,13,271,False
1,er_matched,15,1242,1.0,21.4115,21.675,7.5,2.25,0.0,2000,0.01,1000,1628,1302,326,215,70,0.7000000000000001,11,61,False
1,er_matched,16,1967,1.0,21.4115,21.675,7.5,2.25,0.0,2000,0.01,1000,1628,1302,326,147,33,0.33,13,31,False
1,er_matched,17,99,1.0,21.4115,21.675,7.5,2.25,0.0,2000,0.01,1000,1628,1302,326,461,145,1.45,11,134,False
1,er_matched,18,1087,1.0,21.4115,21.675,7.5,2.25,0.0,2000,0.01,1000,1628,1302,326,478,142,1.42,13,134,False
1,er_matched,19,259,1.0,21.4115,21.675,7.5,2.25,0.0,2000,0.01,1000,1628,1302,326,166,68,0.68,9,56,False
1,er_matched,20,1973,1.0,21.4115,21.675,7.5,2.25,0.0,2000,0.01,1000,1628,1302,326,276,87,0.87,10,77,False
1,er_matched,21,629,1.0,21.4115,21.675,7.5,2.25,0.0,2000,0.01,1000,1628,1302,326,229,92,0.92,8,82,False
1,er_matched,22,1018,1.0,21.4115,21.675,7.5,2.25,0.0,2000,0.01,1000,1628,1302,326,1435,451,4.51,13,421,False
1,er_matched,23,1494,1.0,21.4115,21.675,7.5,2.25,0.0,2000,0.01,1000,1628,1302,326,76,38,0.38,6,36,False
1,er_matched,24,694,1.0,21.4115,21.675,7.5,2.25,0.0,2000,0.01,1000,1628,1302,326,346,108,1.08,10,96,False
1,er_matched,25,98,1.0,21.4115,21.675,7.5,2.25,0.0,2000,0.01,1000,1628,1302,326,54,22,0.22,6,18,False
1,er_matched,26,446,1.0,21.4115,21.675,7.5,2.25,0.0,2000,0.01,1000,1628,1302,326,307,97,0.97,12,87,False
1,er_matched,27,1582,1.0,21.4115,21.675,7.5,2.25,0.0,2000,0.01,1000,1628,1302,326,60,30,0.3,4,24,False
1,er_matched,28,1987,1.0,21.4115,21.675,7.5,2.25,0.0,2000,0.01,1000,1628,1302,326,588,211,2.11,11,184,False
1,er_matched,29,523,1.0,21.4115,21.675,7.5,2.25,0.0,2000,0.01,1000,1628,1302,326,13,9,0.09,4,7,False
1,er_matched,30,71,1.0,21.4115,21.675,7.5,2.25,0.0,2000,0.01,1000,1628,1302,326,104,43,0.43,7,36,False
1,er_matched,31,229,1.0,21.4115,21.675,7.5,2.25,0.0,2000,0.01,1000,1628,1302,326,200,54,0.54,11,48,False
1,er_matched,32,1797,1.0,21.4115,21.675,7.5,2.25,0.0,2000,0.01,1000,1628,1302,326,486,159,1.59,17,144,False
1,er_matched,33,370,1.0,21.4115,21.675,7.5,2.25,0.0,2000,0.01,1000,1628,1302,326,59,30,0.3,7,24,False
1,er_matched,34,354,1.0,21.4115,21.675,7.5,2.25,0.0,2000,0.01,1000,1628,1302,326,156,76,0.76,7,61,False
1,er_matched,35,1629,1.0,21.4115,21.675,7.5,2.25,0.0,2000,0.01,1000,1628,1302,326,1305,404,4.04,12,380,False
1,er_matched,36,808,1.0,21.4115,21.675,7.5,2.25,0.0,2000,0.01,1000,1628,1302,326,83,35,0.35000000000000003,8,29,False
1,er_matched,37,1401,1.0,21.4115,21.675,7.5,2.25,0.0,2000,0.01,1000,1628,1302,326,12,9,0.09,3,7,False
1,er_matched,38,625,1.0,21.4115,21.675,7.5,2.25,0.0,2000,0.01,1000,1628,1302,326,1555,459,4.59,16,427,False
1,er_matched,39,1437,1.0,21.4115,21.675,7.5,2.25,0.0,2000,0.01,1000,1628,1302,326,49,16,0.16,7,14,False
1,er_matched,0,1955,1.25,26.764375,21.675,7.5,2.25,0.0,2000,0.01,1000,1628,1302,326,153,59,0.59,8,50,False
1,er_matched,1,1348,1.25,26.764375,21.675,7.5,2.25,0.0,2000,0.01,1000,1628,1302,326,461,135,1.35,10,120,False
1,er_matched,2,1810,1.25,26.764375,21.675,7.5,2.25,0.0,2000,0.01,1000,1628,1302,326,268,86,0.86,13,76,False
1,er_matched,3,1761,1.25,26.764375,21.675,7.5,2.25,0.0,2000,0.01,1000,1628,1302,326,2,4,0.04,1,2,False
1,er_matched,4,1937,1.25,26.764375,21.675,7.5,2.25,0.0,2000,0.01,1000,1628,1302,326,75,20,0.2,12,17,False
1,er_matched,5,1296,1.25,26.764375,21.675,7.5,2.25,0.0,2000,0.01,1000,1628,1302,326,63,17,0.17,9,15,False
1,er_matched,6,1319,1.25,26.764375,21.675,7.5,2.25,0.0,2000,0.01,1000,1628,1302,326,341,137,1.37,11,118,False
1,er_matched,7,963,1.25,26.764375,21.675,7.5,2.25,0.0,2000,0.01,1000,1628,1302,326,449,123,1.23,14,114,False
1,er_matched,8,323,1.25,26.764375,21.675,7.5,2.25,0.0,2000,0.01,1000,1628,1302,326,17,8,0.08,5,6,False
1,er_matched,9,1810,1.25,26.764375,21.675,7.5,2.25,0.0,2000,0.01,1000,1628,1302,326,1032,328,3.2800000000000002,12,297,False
1,er_matched,10,1194,1.25,26.764375,21.675,7.5,2.25,0.0,2000,0.01,1000,1628,1302,326,463,162,1.62,9,153,False
1,er_matched,11,512,1.25,26.764375,21.675,7.5,2.25,0.0,2000,0.01,1000,1628,1302,326,531,178,1.78,10,165,False
1,er_matched,12,748,1.25,26.764375,21.675,7.5,2.25,0.0,2000,0.01,1000,1628,1302,326,208,83,0.8300000000000001,10,70,False
1,er_matched,13,435,1.25,26.764375,21.675,7.5,2.25,0.0,2000,0.01,1000,1628,1302,326,180,61,0.61,12,51,False
1,er_matched,14,916,1.25,26.764375,21.675,7.5,2.25,0.0,2000,0.01,1000,1628,1302,326,262,116,1.16,11,103,False
1,er_matched,15,1832,1.25,26.764375,21.675,7.5,2.25,0.0,2000,0.01,1000,1628,1302,326,172,69,0.6900000000000001,8,64,False
1,er_matched,16,446,1.25,26.764375,21.675,7.5,2.25,0.0,2000,0.01,1000,1628,1302,326,423,130,1.3,12,117,False
1,er_matched,17,737,1.25,26.764375,21.675,7.5,2.25,0.0,2000,0.01,1000,1628,1302,326,19,7,0.07,6,5,False
1,er_matched,18,1139,1.25,26.764375,21.675,7.5,2.25,0.0,2000,0.01,1000,1628,1302,326,248,93,0.93,9,83,False
1,er_matched,19,895,1.25,26.764375,21.675,7.5,2.25,0.0,2000,0.01,1000,1628,1302,326,159,59,0.59,6,53,False
1,er_matched,20,983,1.25,26.764375,21.675,7.5,2.25,0.0,2000,0.01,1000,1628,1302,326,123,37,0.37,8,35,False
1,er_matched,21,276,1.25,26.764375,21.675,7.5,2.25,0.0,2000,0.01,1000,1628,1302,326,23,9,0.09,8,7,False
1,er_matched,22,1231,1.25,26.764375,21.675,7.5,2.25,0.0,2000,0.01,1000,1628,1302,326,610,166,1.6600000000000001,13,149,False
1,er_matched,23,365,1.25,26.764375,21.675,7.5,2.25,0.0,2000,0.01,1000,1628,1302,326,1661,550,5.5,11,503,False
1,er_matched,24,1404,1.25,26.764375,21.675,7.5,2.25,0.0,2000,0.01,1000,1628,1302,326,6,7,0.07,2,4,False
1,er_matched,25,1348,1.25,26.764375,21.675,7.5,2.25,0.0,2000,0.01,1000,1628,1302,326,388,123,1.23,9,114,False
1,er_matched,26,1769,1.25,26.764375,21.675,7.5,2.25,0.0,2000,0.01,1000,1628,1302,326,924,239,2.39,14,219,False
1,er_matched,27,1581,1.25,26.764375,21.675,7.5,2.25,0.0,2000,0.01,1000,1628,1302,326,544,207,2.07,10,181,False
1,er_matched,28,358,1.25,26.764375,21.675,7.5,2.25,0.0,2000,0.01,1000,1628,1302,326,177,50,0.5,10,44,False
1,er_matched,29,1938,1.25,26.764375,21.675,7.5,2.25,0.0,2000,0.01,1000,1628,1302,326,1044,326,3.2600000000000002,12,296,False
1,er_matched,30,1715,1.25,26.764375,21.675,7.5,2.25,0.0,2000,0.01,1000,1628,1302,326,383,157,1.57,9,136,False
1,er_matched,31,313,1.25,26.764375,21.675,7.5,2.25,0.0,2000,0.01,1000,1628,1302,326,63,35,0.35000000000000003,6,27,False
1,er_matched,32,1132,1.25,26.764375,21.675,7.5,2.25,0.0,2000,0.01,1000,1628,1302,326,178,47,0.47000000000000003,9,45,False
1,er_matched,33,751,1.25,26.764375,21.675,7.5,2.25,0.0,2000,0.01,1000,1628,1302,326,1375,453,4.53,12,417,False
1,er_matched,34,354,1.25,26.764375,21.675,7.5,2.25,0.0,2000,0.01,1000,1628,1302,326,411,150,1.5,10,132,False
1,er_matched,35,1852,1.25,26.764375,21.675,7.5,2.25,0.0,2000,0.01,1000,1628,1302,326,66,33,0.33,8,24,False
1,er_matched,36,1278,1.25,26.764375,21.675,7.5,2.25,0.0,2000,0.01,1000,1628,1302,326,393,118,1.18,10,106,False
1,er_matched,37,1199,1.25,26.764375,21.675,7.5,2.25,0.0,2000,0.01,1000,1628,1302,326,268,90,0.9,10,84,False
1,er_matched,38,817,1.25,26.764375,21.675,7.5,2.25,0.0,2000,0.01,1000,1628,1302,326,250,87,0.87,8,76,False
1,er_matched,39,1651,1.25,26.764375,21.675,7.5,2.25,0.0,2000,0.01,1000,1628,1302,326,314,110,1.1,9,95,False
1,er_matched,0,1426,1.5,32.11725,21.675,7.5,2.25,0.0,2000,0.01,1000,1628,1302,326,23,10,0.1,6,7,False
1,er_matched,1,189,1.5,32.11725,21.675,7.5,2.25,0.0,2000,0.01,1000,1628,1302,326,538,139,1.3900000000000001,10,133,False
1,er_matched,2,1370,1.5,32.11725,21.675,7.5,2.25,0.0,2000,0.01,1000,1628,1302,326,81,21,0.21,9,19,False
1,er_matched,3,1536,1.5,32.11725,21.675,7.5,2.25,0.0,2000,0.01,1000,1628,1302,326,181,74,0.74,14,63,False
1,er_matched,4,502,1.5,32.11725,21.675,7.5,2.25,0.0,2000,0.01,1000,1628,1302,326,209,53,0.53,11,47,False
1,er_matched,5,1637,1.5,32.11725,21.675,7.5,2.25,0.0,2000,0.01,1000,1628,1302,326,536,190,1.9000000000000001,11,169,False
1,er_matched,6,1937,1.5,32.11725,21.675,7.5,2.25,0.0,2000,0.01,1000,1628,1302,326,466,167,1.67,8,149,False
1,er_matched,7,53,1.5,32.11725,21.675,7.5,2.25,0.0,2000,0.01,1000,1628,1302,326,557,207,2.07,11,188,False
1,er_matched,8,646,1.5,32.11725,21.675,7.5,2.25,0.0,2000,0.01,1000,1628,1302,326,177,67,0.67,6,64,False
1,er_matched,9,449,1.5,32.11725,21.675,7.5,2.25,0.0,2000,0.01,1000,1628,1302,326,259,92,0.92,9,83,False
1,er_matched,10,1191,1.5,32.11725,21.675,7.5,2.25,0.0,2000,0.01,1000,1628,1302,326,204,72,0.72,8,65,False
1,er_matched,11,280,1.5,32.11725,21.675,7.5,2.25,0.0,2000,0.01,1000,1628,1302,326,80,39,0.39,6,33,False
1,er_matched,12,114,1.5,32.11725,21.675,7.5,2.25,0.0,2000,0.01,1000,1628,1302,326,5,8,0.08,2,4,False
1,er_matched,13,303,1.5,32.11725,21.675,7.5,2.25,0.0,2000,0.01,1000,1628,1302,326,197,78,0.78,9,70,False
1,er_matched,14,1697,1.5,32.11725,21.675,7.5,2.25,0.0,2000,0.01,1000,1628,1302,326,366,154,1.54,9,130,False
1,er_matched,15,281,1.5,32.11725,21.675,7.5,2.25,0.0,2000,0.01,1000,1628,1302,326,257,87,0.87,8,80,False
1,er_matched,16,255,1.5,32.11725,21.675,7.5,2.25,0.0,2000,0.01,1000,1628,1302,326,526,149,1.49,11,139,False
1,er_matched,17,258,1.5,32.11725,21.675,7.5,2.25,0.0,2000,0.01,1000,1628,1302,326,1533,477,4.7700000000000005,11,447,False
1,er_matched,18,1831,1.5,32.11725,21.675,7.5,2.25,0.0,2000,0.01,1000,1628,1302,326,272,64,0.64,11,59,False
1,er_matched,19,1063,1.5,32.11725,21.675,7.5,2.25,0.0,2000,0.01,1000,1628,1302,326,14,11,0.11,3,8,False
1,er_matched,20,904,1.5,32.11725,21.675,7.5,2.25,0.0,2000,0.01,1000,1628,1302,326,4,6,0.06,2,3,False
1,er_matched,21,162,1.5,32.11725,21.675,7.5,2.25,0.0,2000,0.01,1000,1628,1302,326,293,96,0.96,11,90,False
1,er_matched,22,953,1.5,32.11725,21.675,7.5,2.25,0.0,2000,0.01,1000,1628,1302,326,429,165,1.6500000000000001,12,143,False
1,er_matched,23,683,1.5,32.11725,21.675,7.5,2.25,0.0,2000,0.01,1000,1628,1302,326,259,95,0.9500000000000001,7,85,False
1,er_matched,24,1887,1.5,32.11725,21.675,7.5,2.25,0.0,2000,0.01,1000,1628,1302,326,1279,397,3.97,11,362,False
1,er_matched,25,61,1.5,32.11725,21.675,7.5,2.25,0.0,2000,0.01,1000,1628,1302,326,681,183,1.83,12,173,False
1,er_matched,26,1172,1.5,32.11725,21.675,7.5,2.25,0.0,2000,0.01,1000,1628,1302,326,59,20,0.2,8,18,False
1,er_matched,27,1038,1.5,32.11725,21.675,7.5,2.25,0.0,2000,0.01,1000,1628,1302,326,7,5,0.05,4,3,False
1,er_matched,28,120,1.5,32.11725,21.675,7.5,2.25,0.0,2000,0.01,1000,1628,1302,326,256,76,0.76,11,70,False
1,er_matched,29,371,1.5,32.11725,21.675,7.5,2.25,0.0,2000,0.01,1000,1628,1302,326,1,3,0.03,1,1,False
1,er_matched,30,1939,1.5,32.11725,21.675,7.5,2.25,0.0,2000,0.01,1000,1628,1302,326,1,3,0.03,1,1,False
1,er_matched,31,1425,1.5,32.11725,21.675,7.5,2.25,0.0,2000,0.01,1000,1628,1302,326,830,246,2.46,14,228,False
1,er_matched,32,1525,1.5,32.11725,21.675,7.5,2.25,0.0,2000,0.01,1000,1628,1302,326,138,54,0.54,8,48,False
1,er_matched,33,1262,1.5,32.11725,21.675,7.5,2.25,0.0,2000,0.01,1000,1628,1302,326,477,136,1.36,11,121,False
1,er_matched,34,1356,1.5,32.11725,21.675,7.5,2.25,0.0,2000,0.01,1000,1628,1302,326,128,57,0.5700000000000001,7,50,False
1,er_matched,35,26,1.5,32.11725,21.675,7.5,2.25,0.0,2000,0.01,1000,1628,1302,326,3,4,0.04,2,2,False
1,er_matched,36,1100,1.5,32.11725,21.675,7.5,2.25,0.0,2000,0.01,1000,1628,1302,326,1153,363,3.63,13,337,False
1,er_matched,37,247,1.5,32.11725,21.675,7.5,2.25,0.0,2000,0.01,1000,1628,1302,326,42,18,0.18,8,15,False
1,er_matched,38,1120,1.5,32.11725,21.675,7.5,2.25,0.0,2000,0.01,1000,1628,1302,326,282,91,0.91,10,82,False
1,er_matched,39,1029,1.5,32.11725,21.675,7.5,2.25,0.0,2000,0.01,1000,1628,1302,326,575,167,1.67,13,151,False
