mean_pop_count,mean_cell_activity,active_frac,silent_frac,pop_var,pop_std,pop_cv,branching_ratio_mean,branching_ratio_regression,lag1_autocorr,autocorr_time_s,n_avalanches,av_size_mean,av_size_max,av_size_q50,av_size_q90,av_size_q99,av_size_cv,av_size_q99_q50,av_dur_mean_bins,av_dur_max_bins,av_dur_q50_bins,av_dur_q90_bins,av_dur_q99_bins,av_dur_cv,av_dur_q99_q50,rough_size_slope,rough_size_r2,rough_duration_slope,rough_duration_r2,slope,p_ext,seed,T,network_density,e_w,i_w,theta
492.51125,0.246255625,0.99875,0.00125,26484.0348734375,162.739162076734,0.3304272990246084,1.1739587670087226,0.9057543900794116,0.03449853819836608,0.0,1,,,,,,,,,,,,,,,,,,,1.5,1.3770001251951984e-05,0,8.0,0.00852025,21.4115,21.675,7.5
492.97375,0.246486875,1.0,0.0,77955.7630609375,279.20559281815525,0.5663701014874619,1.4725154484115444,0.7584207407117447,0.0009480015839421087,0.0,1,,,,,,,,,,,,,,,,,,,1.5,5.744990565600497e-06,1,8.0,0.00854,21.4115,21.675,7.5
492.9625,0.24648125,1.0,0.0,77954.31359375,279.2029971073914,0.5663777612037241,1.4725305162765023,0.7584153293776338,0.0009460984541619047,0.0,1,,,,,,,,,,,,,,,,,,,1.5,2.3968709947764157e-06,1,8.0,0.00854,21.4115,21.675,7.5
491.87125,0.245935625,1.0,0.0,90600.93967343752,300.9998997897466,0.6119485531828625,1.4906890444154517,0.7165728015678835,-0.04589968162881976,0.0,1,,,,,,,,,,,,,,,,,,,1.5,5.744990565600497e-06,2,8.0,0.00859175,21.4115,21.675,7.5
492.51125,0.246255625,0.99875,0.00125,26484.0348734375,162.739162076734,0.3304272990246084,1.1739587670087226,0.9057543900794116,0.03449853819836608,0.0,1,,,,,,,,,,,,,,,,,,,1.5,2.3968709947764157e-06,0,8.0,0.00852025,21.4115,21.675,7.5
492.96125,0.246480625,1.0,0.0,77955.07974843749,279.2043691428153,0.5663819806177762,1.472537962698989,0.7584126676886564,0.0009464308777735693,0.0,1,,,,,,,,,,,,,,,,,,,1.5,1e-06,1,8.0,0.00854,21.4115,21.675,7.5
492.51125,0.246255625,0.99875,0.00125,26484.0348734375,162.739162076734,0.3304272990246084,1.1739587670087226,0.9057543900794116,0.03449853819836608,0.0,1,,,,,,,,,,,,,,,,,,,1.5,5.744990565600497e-06,0,8.0,0.00852025,21.4115,21.675,7.5
491.87125,0.245935625,1.0,0.0,90600.93967343752,300.9998997897466,0.6119485531828625,1.4906890444154517,0.7165728015678835,-0.04589968162881976,0.0,1,,,,,,,,,,,,,,,,,,,1.5,2.3968709947764157e-06,2,8.0,0.00859175,21.4115,21.675,7.5
491.87125,0.245935625,1.0,0.0,90600.93967343752,300.9998997897466,0.6119485531828625,1.4906890444154517,0.7165728015678835,-0.04589968162881976,0.0,1,,,,,,,,,,,,,,,,,,,1.5,1e-06,2,8.0,0.00859175,21.4115,21.675,7.5
492.51125,0.246255625,0.99875,0.00125,26484.0348734375,162.739162076734,0.3304272990246084,1.1739587670087226,0.9057543900794116,0.03449853819836608,0.0,1,,,,,,,,,,,,,,,,,,,1.5,1e-06,0,8.0,0.00852025,21.4115,21.675,7.5
492.97375,0.246486875,1.0,0.0,77955.7630609375,279.20559281815525,0.5663701014874619,1.4725154484115444,0.7584207407117447,0.0009480015839421087,0.0,1,,,,,,,,,,,,,,,,,,,1.5,1.3770001251951984e-05,1,8.0,0.00854,21.4115,21.675,7.5
492.51125,0.246255625,0.99875,0.00125,26484.0348734375,162.739162076734,0.3304272990246084,1.1739587670087226,0.9057543900794116,0.03449853819836608,0.0,1,,,,,,,,,,,,,,,,,,,1.5,3.300491659883871e-05,0,8.0,0.00852025,21.4115,21.675,7.5
492.825,0.2464125,1.0,0.0,93918.361875,306.46102831355245,0.6218455401279396,1.523598026650069,0.7108508380914031,-0.04240466623700466,0.0,1,,,,,,,,,,,,,,,,,,,1.5,1.3770001251951984e-05,2,8.0,0.00859175,21.4115,21.675,7.5
492.97375,0.246486875,1.0,0.0,77955.7630609375,279.20559281815525,0.5663701014874619,1.4725154484115444,0.7584207407117447,0.0009480015839421087,0.0,1,,,,,,,,,,,,,,,,,,,1.5,3.300491659883871e-05,1,8.0,0.00854,21.4115,21.675,7.5
493.4,0.2467,1.0,0.0,95917.48,309.7054729900652,0.6276965403122508,1.5463262554868857,0.7114245782991917,-0.025857275224289638,0.0,1,,,,,,,,,,,,,,,,,,,1.5,3.300491659883871e-05,2,8.0,0.00859175,21.4115,21.675,7.5
492.975,0.2464875,1.0,0.0,77956.604375,279.20709943516835,0.5663717215582286,1.472518970666975,0.7584196160915393,0.000947729547231343,0.0,1,,,,,,,,,,,,,,,,,,,1.5,7.910852728077119e-05,1,8.0,0.00854,21.4115,21.675,7.5
493.4,0.2467,1.0,0.0,95917.48,309.7054729900652,0.6276965403122508,1.5463262554868857,0.7114245782991917,-0.025857275224289638,0.0,1,,,,,,,,,,,,,,,,,,,1.5,7.910852728077119e-05,2,8.0,0.00859175,21.4115,21.675,7.5
492.51125,0.246255625,0.99875,0.00125,26484.0348734375,162.739162076734,0.3304272990246084,1.1739587670087226,0.9057543900794116,0.03449853819836608,0.0,1,,,,,,,,,,,,,,,,,,,1.5,7.910852728077119e-05,0,8.0,0.00852025,21.4115,21.675,7.5
493.34125,0.246670625,1.0,0.0,24314.259798437502,155.93030429790582,0.3160698690772472,1.1906423836106748,0.9071904785171093,-0.03212944401368976,0.0,1,,,,,,,,,,,,,,,,,,,1.5,0.00018961293447875924,0,8.0,0.00852025,21.4115,21.675,7.5
493.73375,0.246866875,1.0,0.0,79194.11036093748,281.4144814343027,0.5699721386968222,1.6638902203914179,0.753212077564309,-0.011088778794503233,0.0,1,,,,,,,,,,,,,,,,,,,1.5,0.00018961293447875924,1,8.0,0.00854,21.4115,21.675,7.5
493.4025,0.24670125,1.0,0.0,95915.42049374999,309.70214802895697,0.627686621022302,1.546320351865786,0.7114317158491175,-0.025855347130632932,0.0,1,,,,,,,,,,,,,,,,,,,1.5,0.00018961293447875924,2,8.0,0.00859175,21.4115,21.675,7.5
493.64125,0.246820625,1.0,0.0,76908.32254843749,277.3234980098828,0.5617915804440619,1.6695769247514474,0.7602085916638723,-0.0046850632021027214,0.0,1,,,,,,,,,,,,,,,,,,,1.5,0.00045447774288657946,1,8.0,0.00854,21.4115,21.675,7.5
494.4475,0.24722375,1.0,0.0,13575.467243750003,116.51380709491045,0.23564444575998506,1.1188445319704319,0.9437277514731098,-0.0911845312527811,0.0,1,,,,,,,,,,,,,,,,,,,1.5,0.00045447774288657946,0,8.0,0.00852025,21.4115,21.675,7.5
497.035,0.2485175,1.0,0.0,76307.77377500001,276.23861745780584,0.5557729686195243,1.4257595832827905,0.7574524782392812,-0.033440967445065556,0.0,1,,,,,,,,,,,,,,,,,,,1.5,0.00045447774288657946,2,8.0,0.00859175,21.4115,21.675,7.5
494.0275,0.24701375,1.0,0.0,86415.48674375,293.9651114396911,0.5950379512065431,1.8918866518246333,0.7377919113637833,-0.007306028930293037,0.0,1,,,,,,,,,,,,,,,,,,,1.5,0.0010893245196962969,1,8.0,0.00854,21.4115,21.675,7.5
497.15625,0.248578125,1.0,0.0,103996.4918359375,322.4848707085923,0.6486589894195067,1.656658298332613,0.6932306747633374,-0.04131049543091829,0.0,1,,,,,,,,,,,,,,,,,,,1.5,0.002610970345158807,0,8.0,0.00852025,21.4115,21.675,7.5
497.46125,0.248730625,1.0,0.0,75848.5084984375,275.4060792692084,0.5536231802360643,1.516214224060397,0.7659985115366957,-0.003884235590528373,0.0,1,,,,,,,,,,,,,,,,,,,1.5,0.0010893245196962969,2,8.0,0.00859175,21.4115,21.675,7.5
494.77125,0.247385625,1.0,0.0,135743.45642343748,368.43378838461257,0.7446548043860911,2.102898774623776,0.6440286371106582,-0.0002851463650788163,0.0,1,,,,,,,,,,,,,,,,,,,1.5,0.002610970345158807,1,8.0,0.00854,21.4115,21.675,7.5
496.68625,0.248343125,1.0,0.0,109135.53781093746,330.3566827096698,0.6651214578814476,1.6031711451718489,0.6779826177301992,-0.05513000059997006,0.0,1,,,,,,,,,,,,,,,,,,,1.5,0.0010893245196962969,0,8.0,0.00852025,21.4115,21.675,7.5
497.225,0.2486125,1.0,0.0,110144.469375,331.8802033490398,0.6674648365408801,1.9079260798765194,0.6933572722722908,0.0015549831092268526,0.0,1,,,,,,,,,,,,,,,,,,,1.5,0.002610970345158807,2,8.0,0.00859175,21.4115,21.675,7.5
497.3975,0.24869875,1.0,0.0,56263.54449375,237.19937709393335,0.47688091937320326,1.4339796497968096,0.8101777780635626,-0.030928997240861435,0.0,1,,,,,,,,,,,,,,,,,,,1.5,0.006258159088532518,0,8.0,0.00852025,21.4115,21.675,7.5
495.1825,0.24759125,1.0,0.0,158517.47919375,398.1425362778386,0.8040319201058959,2.3020767084430975,0.5877703634076057,-0.051084800333667295,0.0,1,,,,,,,,,,,,,,,,,,,1.5,0.006258159088532518,1,8.0,0.00854,21.4115,21.675,7.5
498.875,0.2494375,1.0,0.0,130306.049375,360.97929216923234,0.7235866543106622,1.8458104232792731,0.6412643674241673,-0.045654578570505866,0.0,1,,,,,,,,,,,,,,,,,,,1.5,0.006258159088532518,2,8.0,0.00859175,21.4115,21.675,7.5
496.33625,0.248168125,1.0,0.0,160826.34818593747,401.03160497140055,0.8079837105820897,2.188841678287513,0.5776088748712608,-0.07045862254985422,0.0,1,,,,,,,,,,,,,,,,,,,1.5,0.014999999999999996,1,8.0,0.00854,21.4115,21.675,7.5
498.52875,0.249264375,1.0,0.0,128616.03667343751,358.63078043224,0.7193783316052269,2.046944499430985,0.6439471803298792,-0.04543165369756164,0.0,1,,,,,,,,,,,,,,,,,,,1.5,0.014999999999999996,2,8.0,0.00859175,21.4115,21.675,7.5
498.04625,0.249023125,1.0,0.0,136319.2566109375,369.21437757884985,0.7413254844883364,1.8003419455947014,0.6202169856417546,-0.07215392110793047,0.0,1,,,,,,,,,,,,,,,,,,,1.5,0.014999999999999996,0,8.0,0.00852025,21.4115,21.675,7.5
449.1725,0.22458625,0.99875,0.00125,3783.2777437500004,61.50835507270537,0.13693704550635943,1.0259041578630304,0.9896521342579679,0.3772728758099896,0.0,1,,,,,,,,,,,,,,,,,,,1.8,1e-06,0,8.0,0.00210375,21.4115,21.675,7.5
452.37875,0.226189375,1.0,0.0,4420.492798437501,66.48678664544934,0.14697150705122464,1.0288206933045925,0.9844408759853335,0.21738426450100024,0.0,1,,,,,,,,,,,,,,,,,,,1.8,1e-06,2,8.0,0.00212325,21.4115,21.675,7.5
449.1725,0.22458625,0.99875,0.00125,3783.2777437500004,61.50835507270537,0.13693704550635943,1.0259041578630304,0.9896521342579679,0.3772728758099896,0.0,1,,,,,,,,,,,,,,,,,,,1.8,2.3968709947764157e-06,0,8.0,0.00210375,21.4115,21.675,7.5
454.165,0.2270825,1.0,0.0,3348.3052749999997,57.86454246773234,0.12740863445605058,1.023047757962068,0.9882170192447122,0.20393556017877132,0.0,1,,,,,,,,,,,,,,,,,,,1.8,1e-06,1,8.0,0.002111,21.4115,21.675,7.5
452.37875,0.226189375,1.0,0.0,4420.492798437501,66.48678664544934,0.14697150705122464,1.0288206933045925,0.9844408759853335,0.21738426450100024,0.0,1,,,,,,,,,,,,,,,,,,,1.8,2.3968709947764157e-06,2,8.0,0.00212325,21.4115,21.675,7.5
454.1675,0.22708375,1.0,0.0,3348.5369437500003,57.8665442527027,0.12741234071725205,1.0230486858421366,0.988216133421782,0.20392565317729858,0.0,1,,,,,,,,,,,,,,,,,,,1.8,2.3968709947764157e-06,1,8.0,0.002111,21.4115,21.675,7.5
452.38,0.22619,1.0,0.0,4420.6356,66.48786054611774,0.14697347483557538,1.028821463657142,0.984440264617377,0.21737579780347463,0.0,1,,,,,,,,,,,,,,,,,,,1.8,5.744990565600497e-06,2,8.0,0.00212325,21.4115,21.675,7.5
449.175,0.2245875,0.99875,0.00125,3783.499375,61.510156681640794,0.13694029427648613,1.02590528333662,0.989651095363462,0.3772450832491808,0.0,1,,,,,,,,,,,,,,,,,,,1.8,1.3770001251951984e-05,0,8.0,0.00210375,21.4115,21.675,7.5
454.175,0.2270875,1.0,0.0,3347.916875,57.861186256418904,0.12739843949230753,1.0230446630896113,0.9882196929350412,0.2039801103562904,0.0,1,,,,,,,,,,,,,,,,,,,1.8,5.744990565600497e-06,1,8.0,0.002111,21.4115,21.675,7.5
449.17625,0.224588125,0.99875,0.00125,3782.7501859374997,61.50406641790037,0.1369263544497293,1.0259559816866315,0.9896262505753056,0.37554391110075497,0.0,1,,,,,,,,,,,,,,,,,,,1.8,3.300491659883871e-05,0,8.0,0.00210375,21.4115,21.675,7.5
449.17375,0.224586875,0.99875,0.00125,3783.1385609374993,61.50722364842604,0.13693414552481284,1.0259030368146593,0.9896530426401824,0.37729729867516554,0.0,1,,,,,,,,,,,,,,,,,,,1.8,5.744990565600497e-06,0,8.0,0.00210375,21.4115,21.675,7.5
450.93625,0.225468125,1.0,0.0,4359.232185937501,66.0244817165383,0.1464164429374178,1.0291391175288758,0.9842886906854245,0.20353936316447946,0.0,1,,,,,,,,,,,,,,,,,,,1.8,1.3770001251951984e-05,2,8.0,0.00212325,21.4115,21.675,7.5
452.9525,0.22647625,1.0,0.0,3433.5202437499997,58.5962476934317,0.12936510493579695,1.0236441480084713,0.9877064304152843,0.19630916366892676,0.0,1,,,,,,,,,,,,,,,,,,,1.8,1.3770001251951984e-05,1,8.0,0.002111,21.4115,21.675,7.5
452.95625,0.226478125,1.0,0.0,3433.3968359375,58.59519464885751,0.12936170910293737,1.0236436262376387,0.9877073852329815,0.19632662372991458,0.0,1,,,,,,,,,,,,,,,,,,,1.8,3.300491659883871e-05,1,8.0,0.002111,21.4115,21.675,7.5
451.975,0.2259875,1.0,0.0,7406.341875,86.06010617585828,0.1904089964618797,1.0430822129399493,0.9693750926362473,0.09828890509496294,0.0,1,,,,,,,,,,,,,,,,,,,1.8,3.300491659883871e-05,2,8.0,0.00212325,21.4115,21.675,7.5
448.66625,0.224333125,0.99875,0.00125,3986.0198609374997,63.13493376045864,0.14071692212297782,1.026931501575321,0.9886864470959811,0.3595546270477518,0.0,1,,,,,,,,,,,,,,,,,,,1.8,7.910852728077119e-05,0,8.0,0.00210375,21.4115,21.675,7.5
452.96875,0.226484375,1.0,0.0,3476.8827734375,58.965097926124905,0.13017475913321785,1.023930571752147,0.9875012244060755,0.19384472865605035,0.0,1,,,,,,,,,,,,,,,,,,,1.8,7.910852728077119e-05,1,8.0,0.002111,21.4115,21.675,7.5
451.9775,0.22598875,1.0,0.0,7406.49449375,86.0609928698827,0.1904099050724483,1.0430859538253563,0.9693753060052708,0.09830366192978082,0.0,1,,,,,,,,,,,,,,,,,,,1.8,7.910852728077119e-05,2,8.0,0.00212325,21.4115,21.675,7.5
454.02,0.22701,1.0,0.0,3304.7195999999994,57.48669063357187,0.12661708874845104,1.0231229353673197,0.988212550740515,0.19298919996180824,0.0,1,,,,,,,,,,,,,,,,,,,1.8,0.00018961293447875924,1,8.0,0.002111,21.4115,21.675,7.5
451.78625,0.225893125,1.0,0.0,7432.1005609375,86.20963148591635,0.1908195114081408,1.0434237096252896,0.9692453468483395,0.0984708855289185,0.0,1,,,,,,,,,,,,,,,,,,,1.8,0.00018961293447875924,2,8.0,0.00212325,21.4115,21.675,7.5
452.895,0.2264475,1.0,0.0,2732.0989749999994,52.26948416619394,0.11541192586845478,1.0210741820857998,0.9939137946280356,0.4633891139003209,0.0,1,,,,,,,,,,,,,,,,,,,1.8,0.00045447774288657946,0,8.0,0.00210375,21.4115,21.675,7.5
451.02125,0.225510625,1.0,0.0,2554.1357984375004,50.538458607653446,0.11205338685849797,1.0199850666053583,0.9950232332745181,0.5254771811069515,0.018002822545344955,1,,,,,,,,,,,,,,,,,,,1.8,0.00018961293447875924,0,8.0,0.00210375,21.4115,21.675,7.5
453.47125,0.226735625,1.0,0.0,3479.5816734375003,58.98797905876671,0.130080967776384,1.0244479250729668,0.9872720159660767,0.17888760234782733,0.0,1,,,,,,,,,,,,,,,,,,,1.8,0.00045447774288657946,1,8.0,0.002111,21.4115,21.675,7.5
451.38875,0.225694375,1.0,0.0,7603.3501234375,87.19719102951368,0.19317537495011444,1.0462868087317758,0.9674881065857888,0.0697608452448528,0.0,1,,,,,,,,,,,,,,,,,,,1.8,0.00045447774288657946,2,8.0,0.00212325,21.4115,21.675,7.5
456.155,0.2280775,1.0,0.0,4978.8159749999995,70.56072544269935,0.1546858533671651,1.0312977889322268,0.981387570906886,0.1522163067735755,0.0,1,,,,,,,,,,,,,,,,,,,1.8,0.0010893245196962969,0,8.0,0.00210375,21.4115,21.675,7.5
453.1175,0.22655875,1.0,0.0,4704.11119375,68.58652341203774,0.15136586737885335,1.0319752974980458,0.981326949594236,0.1244613786243714,0.0,1,,,,,,,,,,,,,,,,,,,1.8,0.0010893245196962969,1,8.0,0.002111,21.4115,21.675,7.5
456.64,0.22832,1.0,0.0,6063.6404,77.8693803750871,0.17052684910451762,1.033014657119245,0.9759183313032471,0.11091671719906618,0.0,1,,,,,,,,,,,,,,,,,,,1.8,0.002610970345158807,0,8.0,0.00210375,21.4115,21.675,7.5
454.805,0.2274025,1.0,0.0,7524.396975,86.74328201653428,0.1907263157101045,1.0428265179118117,0.9682295244874229,0.06815681992681387,0.0,1,,,,,,,,,,,,,,,,,,,1.8,0.0010893245196962969,2,8.0,0.00212325,21.4115,21.675,7.5
454.0375,0.22701875,1.0,0.0,6106.42609375,78.14362477995246,0.1721083055473442,1.0357300106211154,0.9743275702063793,0.07458727617779347,0.0,1,,,,,,,,,,,,,,,,,,,1.8,0.002610970345158807,2,8.0,0.00212325,21.4115,21.675,7.5
449.88125,0.224940625,1.0,0.0,3833.0121484375,61.91132488032783,0.13761703756341853,1.0252253801130848,0.9837210400748119,0.06966255965206727,0.0,1,,,,,,,,,,,,,,,,,,,1.8,0.002610970345158807,1,8.0,0.002111,21.4115,21.675,7.5
455.77875,0.227889375,1.0,0.0,5313.2572984375,72.89209352486387,0.15992867926568252,1.0311444377646506,0.9776654964226054,0.06353615434913124,0.0,1,,,,,,,,,,,,,,,,,,,1.8,0.006258159088532518,2,8.0,0.00212325,21.4115,21.675,7.5
456.875,0.2284375,1.0,0.0,3079.219375,55.4907143132975,0.12145710383211464,1.0220428797150516,0.9880405607213522,0.09391547022709822,0.0,1,,,,,,,,,,,,,,,,,,,1.8,0.006258159088532518,1,8.0,0.002111,21.4115,21.675,7.5
455.77375,0.227886875,1.0,0.0,2825.9300609375,53.15947762099906,0.11663567202147763,1.0176768710975361,0.9893421315228275,0.13284707499279977,0.0,1,,,,,,,,,,,,,,,,,,,1.8,0.006258159088532518,0,8.0,0.00210375,21.4115,21.675,7.5
460.84125,0.230420625,1.0,0.0,4796.1260484375,69.25406882225404,0.1502774953896898,1.027416352521046,0.9800649939337834,0.0414301461390742,0.0,1,,,,,,,,,,,,,,,,,,,1.8,0.014999999999999996,0,8.0,0.00210375,21.4115,21.675,7.5
458.97375,0.229486875,1.0,0.0,5064.9155609375,71.16822016137189,0.15505945636623386,1.0298484837130735,0.978637132565738,0.03722540651938381,0.0,1,,,,,,,,,,,,,,,,,,,1.8,0.014999999999999996,1,8.0,0.002111,21.4115,21.675,7.5
457.80625,0.228903125,1.0,0.0,4376.1737109375,66.1526546023476,0.14449923871145806,1.0256251308154594,0.9816425115402972,0.04542372971948009,0.0,1,,,,,,,,,,,,,,,,,,,1.8,0.014999999999999996,2,8.0,0.00212325,21.4115,21.675,7.5
62.455,0.0312275,0.9975,0.0025,290.920475,17.056391030930314,0.27309888769402035,1.0109419306098981,0.9974083897113072,0.9538349220764384,0.6696858065367169,2,,,,,,,,,,,,,,,,,,,2.1,1e-06,0,8.0,0.00068475,21.4115,21.675,7.5
77.95625,0.038978125,1.0,0.0,149.6993359375,12.235167997927123,0.15694916056027539,1.012497946838127,0.9922142084117086,0.6525141235372829,0.06079774765897389,1,,,,,,,,,,,,,,,,,,,2.1,1e-06,1,8.0,0.00069225,21.4115,21.675,7.5
40.2725,0.02013625,1.0,0.0,176.68324375,13.292224936029333,0.33005710934332366,1.0245770464105337,0.9836090318658395,0.8281394014860207,0.16112403660830146,1,,,,,,,,,,,,,,,,,,,2.1,1e-06,2,8.0,0.00067525,21.4115,21.675,7.5
77.96375,0.038981875,1.0,0.0,149.76743593749998,12.237950642877262,0.15696975380067155,1.012502667656849,0.9922087265877657,0.652374772402444,0.060770168569721256,1,,,,,,,,,,,,,,,,,,,2.1,2.3968709947764157e-06,1,8.0,0.00069225,21.4115,21.675,7.5
62.45625,0.031228125,0.9975,0.0025,290.8605859375,17.05463532115243,0.2730653108560337,1.0109493864129626,0.9974063593310455,0.9537949912513343,0.6696383084194765,2,,,,,,,,,,,,,,,,,,,2.1,2.3968709947764157e-06,0,8.0,0.00068475,21.4115,21.675,7.5
40.27375,0.020136875,1.0,0.0,176.6938109375,13.292622425146213,0.33005673484952064,1.0245783106170545,0.9836086554312066,0.8281354467766953,0.1612054297543991,1,,,,,,,,,,,,,,,,,,,2.1,2.3968709947764157e-06,2,8.0,0.00067525,21.4115,21.675,7.5
62.495,0.0312475,0.9975,0.0025,290.519975,17.04464652024207,0.27273616321692606,1.0108983996729366,0.997404372929247,0.9536705740230734,0.6656517561104833,2,,,,,,,,,,,,,,,,,,,2.1,5.744990565600497e-06,0,8.0,0.00068475,21.4115,21.675,7.5
77.975,0.0389875,1.0,0.0,149.756875,12.237519152181132,0.1569415729680151,1.0124863163736975,0.9922247643694572,0.6529366028351082,0.0607816317169744,1,,,,,,,,,,,,,,,,,,,2.1,5.744990565600497e-06,1,8.0,0.00069225,21.4115,21.675,7.5
40.30375,0.020151875,1.0,0.0,176.5389859375,13.286797429685604,0.3296665305259504,1.024513811452513,0.9836424641547182,0.828117642302482,0.15977060986997674,1,,,,,,,,,,,,,,,,,,,2.1,5.744990565600497e-06,2,8.0,0.00067525,21.4115,21.675,7.5
40.43,0.020215,1.0,0.0,171.6201,13.10038549051134,0.3240263539577298,1.0237959895505546,0.9837318241039412,0.8235982695482742,0.15585160144806645,1,,,,,,,,,,,,,,,,,,,2.1,1.3770001251951984e-05,2,8.0,0.00067525,21.4115,21.675,7.5
63.795,0.0318975,0.9975,0.0025,224.215475,14.973826331302229,0.23471786709463113,1.0108779478708714,0.9969463615301594,0.9290831170557072,0.5939726125079674,2,,,,,,,,,,,,,,,,,,,2.1,3.300491659883871e-05,0,8.0,0.00068475,21.4115,21.675,7.5
78.095,0.0390475,1.0,0.0,147.003475,12.124498958719903,0.1552532039019111,1.012539514120461,0.9922172270511547,0.6450534347554088,0.059549869937719886,1,,,,,,,,,,,,,,,,,,,2.1,1.3770001251951984e-05,1,8.0,0.00069225,21.4115,21.675,7.5
63.45875,0.031729375,0.9975,0.0025,228.42329843750002,15.113679182697377,0.23816540954079835,1.010654418593815,0.9969788670677983,0.9322467668320527,0.6052827070288419,2,,,,,,,,,,,,,,,,,,,2.1,1.3770001251951984e-05,0,8.0,0.00068475,21.4115,21.675,7.5
78.15875,0.039079375,1.0,0.0,147.3010484375,12.136764331464132,0.15528350097031973,1.0125306704349661,0.992225200053829,0.6455620430335641,0.05971865702446426,1,,,,,,,,,,,,,,,,,,,2.1,3.300491659883871e-05,1,8.0,0.00069225,21.4115,21.675,7.5
64.11375,0.032056875,0.9975,0.0025,223.1708109375,14.938902601513272,0.23300622099803928,1.010200809397677,0.996865803966189,0.9266100401336327,0.5874435631871036,2,,,,,,,,,,,,,,,,,,,2.1,7.910852728077119e-05,0,8.0,0.00068475,21.4115,21.675,7.5
40.70875,0.020354375,1.0,0.0,169.5364234375,13.020615324841602,0.31984807504139234,1.0233373967673254,0.9839451458006535,0.8207646857322246,0.15146742410612296,1,,,,,,,,,,,,,,,,,,,2.1,3.300491659883871e-05,2,8.0,0.00067525,21.4115,21.675,7.5
79.58,0.03979,1.0,0.0,153.3586,12.383803939016476,0.15561452549656096,1.0122524843553051,0.9924290343706682,0.6572882792418996,0.06403319657374996,1,,,,,,,,,,,,,,,,,,,2.1,7.910852728077119e-05,1,8.0,0.00069225,21.4115,21.675,7.5
41.44125,0.020720625,1.0,0.0,168.69654843749998,12.988323542224377,0.3134153420136715,1.0233676720278186,0.9841553805216953,0.8153349853303297,0.15690781109251625,1,,,,,,,,,,,,,,,,,,,2.1,7.910852728077119e-05,2,8.0,0.00067525,21.4115,21.675,7.5
65.87375,0.032936875,0.99875,0.00125,197.85031093750004,14.065927304571854,0.21352856493780362,1.0117137967706975,0.9936115470927768,0.8394570099472065,0.42576641555427097,2,,,,,,,,,,,,,,,,,,,2.1,0.00018961293447875924,0,8.0,0.00068475,21.4115,21.675,7.5
80.41875,0.040209375,1.0,0.0,141.4758984375,11.894364145993682,0.1479053597076992,1.0099875365509219,0.9949085903573738,0.7317983147642165,0.06510821705788539,1,,,,,,,,,,,,,,,,,,,2.1,0.00018961293447875924,1,8.0,0.00069225,21.4115,21.675,7.5
43.38125,0.021690625,1.0,0.0,161.9308984375,12.725207206073305,0.29333426782476324,1.0214873960534796,0.9850959012810104,0.8038672573491925,0.10635725194367375,1,,,,,,,,,,,,,,,,,,,2.1,0.00018961293447875924,2,8.0,0.00067525,21.4115,21.675,7.5
71.97125,0.035985625,0.99875,0.00125,153.98292343750003,12.40898559260587,0.17241586873377493,1.0107055567906922,0.9944925451357463,0.7870183604927123,0.097680246131113,2,,,,,,,,,,,,,,,,,,,2.1,0.00045447774288657946,0,8.0,0.00068475,21.4115,21.675,7.5
53.69,0.026845,1.0,0.0,152.5739,12.352080796367874,0.23006296882785704,1.0163779405763003,0.9895244369983089,0.7724847542052368,0.09503310288029021,1,,,,,,,,,,,,,,,,,,,2.1,0.00045447774288657946,2,8.0,0.00067525,21.4115,21.675,7.5
84.23125,0.042115625,1.0,0.0,146.4802734375,12.102903512690663,0.14368661883434616,1.0095770396880042,0.9952199923083116,0.7354881159044047,0.05595461973634979,1,,,,,,,,,,,,,,,,,,,2.1,0.00045447774288657946,1,8.0,0.00069225,21.4115,21.675,7.5
78.54125,0.039270625,1.0,0.0,154.8232984375,12.442801068790741,0.15842377182423992,1.0114196507540796,0.9958179171462429,0.8052977987779496,0.06805981552195052,1,,,,,,,,,,,,,,,,,,,2.1,0.0010893245196962969,0,8.0,0.00068475,21.4115,21.675,7.5
90.00375,0.045001875,1.0,0.0,204.94623593749998,14.315943417655015,0.15905941049850542,1.014780421387686,0.9898974519307808,0.5671354072273753,0.028463805901914968,1,,,,,,,,,,,,,,,,,,,2.1,0.0010893245196962969,1,8.0,0.00069225,21.4115,21.675,7.5
65.63875,0.032819375,1.0,0.0,180.75824843750001,13.444636418940455,0.20482773390627107,1.0141568306012494,0.990679122769189,0.7439556214119972,0.106939682763316,1,,,,,,,,,,,,,,,,,,,2.1,0.0010893245196962969,2,8.0,0.00067525,21.4115,21.675,7.5
92.92,0.04646,1.0,0.0,164.4461,12.823653925461338,0.1380074679881748,1.010287663430579,0.9948445103643163,0.6850888075123431,0.028421997632112794,1,,,,,,,,,,,,,,,,,,,2.1,0.002610970345158807,0,8.0,0.00068475,21.4115,21.675,7.5
104.78,0.05239,1.0,0.0,202.9841,14.247248857235562,0.1359729801224988,1.0123987994607877,0.9926365623139815,0.5419747487121376,0.021404907716659417,1,,,,,,,,,,,,,,,,,,,2.1,0.002610970345158807,1,8.0,0.00069225,21.4115,21.675,7.5
82.5875,0.04129375,1.0,0.0,188.61984375,13.733893976218107,0.1662950685783919,1.0121973123823946,0.9923947503244727,0.6743572459781093,0.039718879372612745,1,,,,,,,,,,,,,,,,,,,2.1,0.002610970345158807,2,8.0,0.00067525,21.4115,21.675,7.5
127.5275,0.06376375,1.0,0.0,229.42674375,15.146839398039447,0.11877312264444397,1.0098634214694502,0.9944412949205952,0.5337915355853471,0.02097892770208198,1,,,,,,,,,,,,,,,,,,,2.1,0.006258159088532518,1,8.0,0.00069225,21.4115,21.675,7.5
116.16625,0.058083125,1.0,0.0,173.63361093749998,13.177010698087027,0.11343234974088355,1.0070190936370942,0.9964568365828967,0.6590339345395257,0.022213241167791997,1,,,,,,,,,,,,,,,,,,,2.1,0.006258159088532518,0,8.0,0.00068475,21.4115,21.675,7.5
110.01125,0.055005625,1.0,0.0,207.0611234375,14.389618599445226,0.13080133713093067,1.0098591850306524,0.9934045786873171,0.5618930772738965,0.025517141360163396,1,,,,,,,,,,,,,,,,,,,2.1,0.006258159088532518,2,8.0,0.00067525,21.4115,21.675,7.5
160.045,0.0800225,1.0,0.0,199.54047500000001,14.125879618629066,0.08826192395032009,1.0066855799874468,0.9971407082986535,0.5047474831294413,0.007914730745170257,1,,,,,,,,,,,,,,,,,,,2.1,0.014999999999999996,1,8.0,0.00069225,21.4115,21.675,7.5
154.3125,0.07715625,1.0,0.0,185.03234375,13.602659436668993,0.08815008140409174,1.0056753632025126,0.9969334384815266,0.5031141876220443,0.0122105696983453,1,,,,,,,,,,,,,,,,,,,2.1,0.014999999999999996,0,8.0,0.00068475,21.4115,21.675,7.5
146.22125,0.073110625,1.0,0.0,206.33479843749998,14.364358615597844,0.0982371482640023,1.006742855384989,0.9957983931410629,0.4826728704112868,0.01167929515553743,1,,,,,,,,,,,,,,,,,,,2.1,0.014999999999999996,2,8.0,0.00067525,21.4115,21.675,7.5
6.665,0.0033325,0.995,0.005,13.977775,3.7386862665915146,0.5609431757825887,1.0918023490429798,0.95723092730542,0.82061375285698,0.49020308395677004,4,,,,,,,,,,,,,,,,,,,2.25,1e-06,0,8.0,0.00043475,21.4115,21.675,7.5
5.7375,0.00286875,1.0,0.0,6.93109375,2.6326970486556176,0.45885787340394923,1.1603813201118998,0.9011737383881496,0.4327173940159581,0.007514126644977406,1,,,,,,,,,,,,,,,,,,,2.25,1e-06,1,8.0,0.00043775,21.4115,21.675,7.5
6.66625,0.003333125,0.995,0.005,13.9798609375,3.738965222825695,0.560879838413671,1.0918921963026385,0.9572232565106674,0.8205506904829561,0.4903362950222514,4,,,,,,,,,,,,,,,,,,,2.25,2.3968709947764157e-06,0,8.0,0.00043475,21.4115,21.675,7.5
5.15625,0.002578125,0.99875,0.00125,7.5643359375,2.7503337865611877,0.5333980676966117,1.196693695379948,0.8943148954863271,0.522762144080886,0.01071186968635928,2,,,,,,,,,,,,,,,,,,,2.25,1e-06,2,8.0,0.00041625,21.4115,21.675,7.5
5.74375,0.002871875,1.0,0.0,6.9555859375,2.6373444859365645,0.4591677015775591,1.1602417607420525,0.9015685169531323,0.4356128358148701,0.007579963810299014,1,,,,,,,,,,,,,,,,,,,2.25,2.3968709947764157e-06,1,8.0,0.00043775,21.4115,21.675,7.5
5.1575,0.00257875,0.99875,0.00125,7.572693750000001,2.7518527849432646,0.5335633126403744,1.196693695379948,0.8943806248628082,0.5232889736457024,0.010682891351651111,2,,,,,,,,,,,,,,,,,,,2.25,2.3968709947764157e-06,2,8.0,0.00041625,21.4115,21.675,7.5
5.7725,0.00288625,1.0,0.0,6.983243749999999,2.6425827801603488,0.45778826854220717,1.1575223170651672,0.9022278763807869,0.43658815611732604,0.007563534090722535,1,,,,,,,,,,,,,,,,,,,2.25,5.744990565600497e-06,1,8.0,0.00043775,21.4115,21.675,7.5
6.69125,0.003345625,0.995,0.005,13.955923437500001,3.73576276515252,0.5583056626418026,1.0918917285663232,0.9572149258179187,0.8192491875893841,0.49421911145046893,4,,,,,,,,,,,,,,,,,,,2.25,5.744990565600497e-06,0,8.0,0.00043475,21.4115,21.675,7.5
5.18625,0.002593125,0.99875,0.00125,7.6665609375,2.7688555284629786,0.5338839293251278,1.1960678244533265,0.8960827576228886,0.5314062663291828,0.011040161790462407,2,,,,,,,,,,,,,,,,,,,2.25,5.744990565600497e-06,2,8.0,0.00041625,21.4115,21.675,7.5
6.7425,0.00337125,0.995,0.005,14.063693749999997,3.7501591632889393,0.5561971321154443,1.0918675330676568,0.9566322244623656,0.8157257331913378,0.49172608088051406,4,,,,,,,,,,,,,,,,,,,2.25,1.3770001251951984e-05,0,8.0,0.00043475,21.4115,21.675,7.5
5.82125,0.002910625,1.0,0.0,7.0692984375000005,2.658815231921918,0.456743007416184,1.1561211455763916,0.9021344163180555,0.43388467989256524,0.007608356327613317,1,,,,,,,,,,,,,,,,,,,2.25,1.3770001251951984e-05,1,8.0,0.00043775,21.4115,21.675,7.5
5.25625,0.002628125,1.0,0.0,7.9005859375,2.8107980961819368,0.5347535022461645,1.1983502347102255,0.8971110876526268,0.5371964817079224,0.0115020216135459,1,,,,,,,,,,,,,,,,,,,2.25,1.3770001251951984e-05,2,8.0,0.00041625,21.4115,21.675,7.5
8.9475,0.00447375,0.995,0.005,10.54974375,3.2480369071178976,0.36301055122855935,1.0414461866739941,0.9670956339233935,0.7124875946076955,0.163260022124107,4,,,,,,,,,,,,,,,,,,,2.25,3.300491659883871e-05,0,8.0,0.00043475,21.4115,21.675,7.5
5.86625,0.002933125,1.0,0.0,7.1108609375,2.666619758702016,0.45456974365251424,1.1537579748281108,0.903442460018673,0.4370069118465063,0.007777923477251313,1,,,,,,,,,,,,,,,,,,,2.25,3.300491659883871e-05,1,8.0,0.00043775,21.4115,21.675,7.5
9.19375,0.004596875,0.995,0.005,10.8787109375,3.298289092469003,0.3587534023079423,1.0416622422939932,0.9670989653680221,0.7065927288468509,0.16345070209323292,4,,,,,,,,,,,,,,,,,,,2.25,7.910852728077119e-05,0,8.0,0.00043475,21.4115,21.675,7.5
6.07375,0.003036875,1.0,0.0,7.608310937500001,2.7583166854986034,0.45413734274511613,1.1493563762149126,0.9065846050080094,0.45438138256147736,0.007797435089952145,1,,,,,,,,,,,,,,,,,,,2.25,7.910852728077119e-05,1,8.0,0.00043775,21.4115,21.675,7.5
5.3525,0.00267625,1.0,0.0,7.853243749999999,2.8023639574473544,0.5235616921899731,1.1940574408680085,0.8985129856780648,0.5284012809042049,0.011052705165561623,1,,,,,,,,,,,,,,,,,,,2.25,3.300491659883871e-05,2,8.0,0.00041625,21.4115,21.675,7.5
5.60375,0.002801875,1.0,0.0,8.0767359375,2.8419598761242217,0.5071532234885059,1.186611479792535,0.9018278582063547,0.5201905130264126,0.01071371798380848,1,,,,,,,,,,,,,,,,,,,2.25,7.910852728077119e-05,2,8.0,0.00041625,21.4115,21.675,7.5
7.6975,0.00384875,0.99875,0.00125,15.558493750000002,3.9444256552760635,0.5124294453102373,1.0927993517367098,0.9571633908276508,0.7929947452203127,0.428894386026741,2,,,,,,,,,,,,,,,,,,,2.25,0.00018961293447875924,0,8.0,0.00043475,21.4115,21.675,7.5
6.5725,0.00328625,0.9875,0.0125,9.03474375,3.0057850472048067,0.45732750813303147,1.1236811449149209,0.9360519443179912,0.6290029462870971,0.02073308400721067,8,657.25,2510.0,28.5,2472.9,2506.29,1.6068018521036542,87.93999999999691,98.75,373.0,9.5,356.9,371.39,1.5408698072382587,39.0936842105222,,,,,2.25,0.00018961293447875924,1,8.0,0.00043775,21.4115,21.675,7.5
6.165,0.0030825,1.0,0.0,8.490275,2.913807646362402,0.472637087812154,1.1637607388395537,0.9101177989349686,0.5076262613783583,0.009578378339266549,1,,,,,,,,,,,,,,,,,,,2.25,0.00018961293447875924,2,8.0,0.00041625,21.4115,21.675,7.5
9.74875,0.004874375,0.99875,0.00125,18.6506234375,4.318636756836582,0.44299389735464956,1.061277732545109,0.9627892122853965,0.7681133099313447,0.20557485453217658,2,,,,,,,,,,,,,,,,,,,2.25,0.00045447774288657946,0,8.0,0.00043475,21.4115,21.675,7.5
8.5125,0.00425625,1.0,0.0,11.64484375,3.4124542121470287,0.4008756783725848,1.0930081097197026,0.9432036306822409,0.5869857665145954,0.012721762063404363,1,,,,,,,,,,,,,,,,,,,2.25,0.00045447774288657946,1,8.0,0.00043775,21.4115,21.675,7.5
11.84125,0.005920625,1.0,0.0,17.6810484375,4.2048838791933365,0.355104729584544,1.0641238813887046,0.9545227663468471,0.5908220417016937,0.016841642494675596,1,,,,,,,,,,,,,,,,,,,2.25,0.0010893245196962969,1,8.0,0.00043775,21.4115,21.675,7.5
13.19,0.006595,1.0,0.0,25.916400000000003,5.090815258875537,0.3859602167456521,1.0479782876486416,0.9671533304091735,0.7387785960988765,0.12538610054559365,1,,,,,,,,,,,,,,,,,,,2.25,0.0010893245196962969,0,8.0,0.00043475,21.4115,21.675,7.5
7.615,0.0038075,1.0,0.0,10.344275,3.216251700349337,0.42235741304647595,1.1176244310566879,0.9223476876338281,0.4868522187694417,0.007583885621261787,1,,,,,,,,,,,,,,,,,,,2.25,0.00045447774288657946,2,8.0,0.00041625,21.4115,21.675,7.5
21.51625,0.010758125,1.0,0.0,39.3947359375,6.276522599138794,0.2917108045843724,1.0309881368912888,0.9766799019937736,0.6917140466512531,0.030097535052650636,1,,,,,,,,,,,,,,,,,,,2.25,0.002610970345158807,0,8.0,0.00043475,21.4115,21.675,7.5
10.71125,0.005355625,1.0,0.0,15.782873437500003,3.9727664715535447,0.37089662472196744,1.0747772081738172,0.9421345783282683,0.5203753784880615,0.006929699920161641,1,,,,,,,,,,,,,,,,,,,2.25,0.0010893245196962969,2,8.0,0.00041625,21.4115,21.675,7.5
20.09625,0.010048125,1.0,0.0,28.481985937500003,5.336851687793095,0.26556455496885384,1.0344568621267929,0.974199125659599,0.5838102199896037,0.010269354590532838,1,,,,,,,,,,,,,,,,,,,2.25,0.002610970345158807,1,8.0,0.00043775,21.4115,21.675,7.5
18.4175,0.00920875,1.0,0.0,26.85069375,5.181765505115028,0.28135010208305944,1.0428948098948458,0.9644673868453439,0.510767831405204,0.007694139408053299,1,,,,,,,,,,,,,,,,,,,2.25,0.002610970345158807,2,8.0,0.00041625,21.4115,21.675,7.5
38.41875,0.019209375,1.0,0.0,61.2233984375,7.8245382251925895,0.20366457068989452,1.0176838938142931,0.9856213076511086,0.6279999073817343,0.012800428099593635,1,,,,,,,,,,,,,,,,,,,2.25,0.006258159088532518,0,8.0,0.00043475,21.4115,21.675,7.5
37.2525,0.01862625,1.0,0.0,52.18124374999999,7.223658612503777,0.19391070699962643,1.0202177772054895,0.9843272051531001,0.5388205463648686,0.009983018529022947,1,,,,,,,,,,,,,,,,,,,2.25,0.006258159088532518,1,8.0,0.00043775,21.4115,21.675,7.5
34.8875,0.01744375,1.0,0.0,52.63984375,7.255332090952143,0.2079636572110909,1.021541040608599,0.9812987412273182,0.540682564631989,0.009116697923782705,1,,,,,,,,,,,,,,,,,,,2.25,0.006258159088532518,2,8.0,0.00041625,21.4115,21.675,7.5
70.91,0.035455,1.0,0.0,90.45190000000001,9.510620379344347,0.13412241403672562,1.0123173273253336,0.9904911778404888,0.41283892576347675,0.0036046772324327785,1,,,,,,,,,,,,,,,,,,,2.25,0.014999999999999996,1,8.0,0.00043775,21.4115,21.675,7.5
72.33125,0.036165625,1.0,0.0,97.8890234375,9.893888186021712,0.13678580400617404,1.0102720851480593,0.991064316590303,0.49515345248180404,0.007147426286785701,1,,,,,,,,,,,,,,,,,,,2.25,0.014999999999999996,0,8.0,0.00043475,21.4115,21.675,7.5
2.06125,0.001030625,0.885,0.115,1.9899984375000002,1.4106730441530384,0.6843774622934404,1.1125143126550128,0.8175255664728294,0.4263700902496825,0.027819465778922203,58,28.43103448275862,732.0,9.0,45.90000000000001,370.61999999999983,3.3413303876972216,41.1799999999954,12.206896551724139,285.0,6.0,14.900000000000013,144.20999999999992,3.0174053803456267,24.034999999995982,-1.931785764879049,0.7856764851309731,-1.7400961851829984,0.9100095065826848,2.5,1e-06,0,8.0,0.0002245,21.4115,21.675,7.5
67.57375,0.033786875,1.0,0.0,83.30206093749999,9.126996271364417,0.13506718616865696,1.0111325300636236,0.9903877391995973,0.44108557737342724,0.002743073844652691,1,,,,,,,,,,,,,,,,,,,2.25,0.014999999999999996,2,8.0,0.00041625,21.4115,21.675,7.5
1.74375,0.000871875,0.8125,0.1875,1.9430859375,1.3939461745347272,0.799395655646697,1.0335277716626197,0.7391413507406478,0.3360835417188989,0.0025029457436629987,112,12.455357142857142,60.0,8.0,30.600000000000023,52.34,0.9837693113943111,6.542499999999182,5.803571428571429,26.0,4.0,13.0,22.67,0.8857638030494523,5.667499999998584,-1.7618642073024513,0.7769873254040593,-2.060339834133963,0.944134745539373,2.5,1e-06,1,8.0,0.000228,21.4115,21.675,7.5
1.69125,0.000845625,0.79875,0.20125,2.0284234375,1.424227312439977,0.8421151884340782,1.0611707280713456,0.7228330350294042,0.333830236951669,0.004544731571584077,107,12.644859813084112,83.0,7.0,32.0,69.79999999999995,1.1925799400705301,9.97142857142714,5.97196261682243,36.0,4.0,15.0,27.519999999999982,0.999846922435759,6.879999999998275,-1.67813338726577,0.8645702805672162,-2.121966564172718,0.9327500034413992,2.5,1e-06,2,8.0,0.0002155,21.4115,21.675,7.5
2.07,0.001035,0.885,0.115,2.0025999999999997,1.415132502630054,0.6836388901591162,1.113881592240115,0.8179466772781536,0.42685273731543116,0.02671137640194394,58,28.551724137931036,732.0,10.0,46.60000000000001,370.61999999999983,3.326787225564973,37.061999999996274,12.206896551724139,285.0,6.0,14.900000000000013,144.20999999999992,3.0174053803456267,24.034999999995982,-1.9442944285675674,0.8850753815963037,-1.7400961851829984,0.9100095065826848,2.5,5.744990565600497e-06,0,8.0,0.0002245,21.4115,21.675,7.5
2.0625,0.00103125,0.885,0.115,1.99609375,1.4128318194321643,0.6850093669970808,1.1124907388690628,0.8180544435548439,0.4287501853886151,0.027802184211130496,58,28.448275862068964,732.0,9.0,46.60000000000001,370.61999999999983,3.339414178016979,41.1799999999954,12.206896551724139,285.0,6.0,14.900000000000013,144.20999999999992,3.0174053803456267,24.034999999995982,-1.931785764879049,0.7856764851309731,-1.7400961851829984,0.9100095065826848,2.5,2.3968709947764157e-06,0,8.0,0.0002245,21.4115,21.675,7.5
1.74875,0.000874375,0.8125,0.1875,1.9631234375,1.4011150693287115,0.8012094749552024,1.0331077114967995,0.7390979317219039,0.3377793300572207,0.0025610122386175963,112,12.491071428571429,60.0,8.0,30.600000000000023,52.45,0.9860248770295353,6.556249999999181,5.803571428571429,26.0,4.0,13.0,22.67,0.8857638030494523,5.667499999998584,-1.7516271547563311,0.7536000673591905,-2.060339834133963,0.944134745539373,2.5,2.3968709947764157e-06,1,8.0,0.000228,21.4115,21.675,7.5
1.6925,0.00084625,0.8,0.2,2.0254437499999995,1.4231808563917656,0.8408749520773559,1.0610751488087327,0.7229038854805726,0.3328486313604711,0.004509105289209241,107,12.654205607476635,83.0,7.0,32.0,69.79999999999995,1.1913489530962809,9.97142857142714,5.981308411214953,36.0,4.0,15.0,27.519999999999982,0.9976363667750725,6.879999999998275,-1.67813338726577,0.8645702805672162,-2.145942382745064,0.9361956837281485,2.5,2.3968709947764157e-06,2,8.0,0.0002155,21.4115,21.675,7.5
1.705,0.0008525,0.80625,0.19375,2.0279750000000005,1.4240698718812923,0.8352315964108252,1.0679401993347495,0.7254305977710233,0.3336804809458653,0.0045266959277930644,104,13.115384615384615,83.0,7.0,32.0,74.39999999999998,1.1797971410824428,10.628571428569908,6.201923076923077,36.0,4.0,15.0,29.819999999999993,0.9932928123875855,7.454999999998134,-1.7380680744992292,0.902494075387181,-1.8288876614420382,0.9256459489495218,2.5,5.744990565600497e-06,2,8.0,0.0002155,21.4115,21.675,7.5
1.76625,0.000883125,0.81625,0.18375,2.0216109374999998,1.4218336532449918,0.8050013606478056,1.0337574363257154,0.7405694816256997,0.3452392960196027,0.0026273934519487462,110,12.845454545454546,60.0,8.0,36.10000000000001,56.18999999999997,0.9924717970600129,7.023749999999118,5.9363636363636365,26.0,4.0,13.100000000000009,23.909999999999997,0.9075118911343041,5.977499999998504,-1.75211420655725,0.6933012344193523,-2.0075294972102347,0.9201418783643074,2.5,5.744990565600497e-06,1,8.0,0.000228,21.4115,21.675,7.5
2.11375,0.001056875,0.8925,0.1075,2.0508109375,1.4320652699859737,0.6774998320450839,1.126738128630789,0.8178852427557091,0.4195595315165597,0.0248497707507674,55,30.745454545454546,742.0,11.0,47.2,394.2400000000006,3.209827634829222,35.83999999999679,12.981818181818182,285.0,7.0,19.200000000000003,151.6200000000002,2.9106303612440168,21.659999999996934,-1.56113530764612,0.7328749407310119,-1.7345468002304747,0.9145398035006109,2.5,1.3770001251951984e-05,0,8.0,0.0002245,21.4115,21.675,7.5
1.805,0.0009025,0.82125,0.17875,2.0794750000000004,1.4420384876971906,0.7989132895824884,1.0528859478928196,0.7412095639943741,0.3406546266996313,0.0026276857286553507,107,13.495327102803738,61.0,9.0,36.400000000000006,58.339999999999975,0.9858781801507026,6.482222222221499,6.140186915887851,26.0,4.0,13.400000000000006,23.939999999999998,0.8996245008966389,5.984999999998503,-1.6078684776202612,0.7189996184559377,-1.9691108682113503,0.8468911239410992,2.5,1.3770001251951984e-05,1,8.0,0.000228,21.4115,21.675,7.5
1.73625,0.000868125,0.81375,0.18625,2.0391859374999997,1.4280006783961974,0.822462593748236,1.0772218564837297,0.7328716299777392,0.33979872661959054,0.0047568877808792515,99,14.030303030303031,83.0,8.0,40.400000000000006,75.15999999999997,1.1490605558994074,9.394999999998822,6.575757575757576,36.0,4.0,15.200000000000003,30.119999999999976,0.9760451342755254,7.529999999998111,-1.6411921898653563,0.7655870423575097,-1.747718418877569,0.872694470653728,2.5,1.3770001251951984e-05,2,8.0,0.0002155,21.4115,21.675,7.5
1.84,0.00092,0.83125,0.16875,2.1044,1.4506550244630871,0.7883994698164666,1.0662978211539893,0.7440747493163172,0.33721389417594066,0.0027192660257522676,102,14.431372549019608,69.0,9.0,37.0,68.92999999999996,1.020734068576247,7.6588888888880335,6.519607843137255,32.0,5.0,13.900000000000006,26.969999999999985,0.937122057158972,5.393999999998918,-2.0198264457706627,0.8925801816571101,-2.2260934585110257,0.8877311909889378,2.5,3.300491659883871e-05,1,8.0,0.000228,21.4115,21.675,7.5
2.1875,0.00109375,0.8925,0.1075,2.21984375,1.4899140075856727,0.6811035463245676,1.1339611300333219,0.8178571428571428,0.42372775911419763,0.021419121755133354,55,31.818181818181817,751.0,11.0,48.2,399.46000000000055,3.1463871085316364,36.314545454542206,12.981818181818182,285.0,7.0,19.200000000000003,151.6200000000002,2.9106303612440168,21.659999999996934,-1.423130316486539,0.9467033813027644,-1.7345468002304747,0.9145398035006109,2.5,3.300491659883871e-05,0,8.0,0.0002245,21.4115,21.675,7.5
1.7925,0.00089625,0.82625,0.17375,2.0869437499999997,1.4446258166044244,0.8059279311596197,1.0932395382387312,0.7355508374616655,0.33195749378898093,0.004674614848063106,96,14.9375,85.0,8.0,42.5,76.44999999999997,1.1326811413833282,9.556249999998801,6.885416666666667,36.0,4.0,16.0,30.299999999999983,0.9644866652904082,7.574999999998102,-1.6995274362472896,0.845153377331334,-1.5883200899104495,0.8027283627451566,2.5,3.300491659883871e-05,2,8.0,0.0002155,21.4115,21.675,7.5
1.9325,0.00096625,0.84375,0.15625,2.2429437500000002,1.4976460696706684,0.7749785612780818,1.1204429843145869,0.7429408073624765,0.3182788637064027,0.0042771456600330755,90,17.177777777777777,86.0,10.0,44.20000000000002,78.88,1.1005368608053803,7.88799999999921,7.5,36.0,5.0,16.10000000000001,30.659999999999997,0.9633788275812643,6.131999999998773,-1.4984617612078155,0.8084700051355039,-1.683757111226724,0.6189525216123231,2.5,7.910852728077119e-05,2,8.0,0.0002155,21.4115,21.675,7.5
2.33125,0.001165625,0.90625,0.09375,2.3190234375,1.5228340150850321,0.653226387167562,1.1451262825564992,0.8235199225681562,0.4083506581648724,0.013513574835183584,53,35.18867924528302,785.0,12.0,52.20000000000002,429.8399999999979,3.0243730055509475,35.81999999999684,13.679245283018869,285.0,7.0,19.60000000000001,156.55999999999923,2.8082833141285155,22.365714285710983,-1.4437530683338382,0.9471662308945947,-1.722596890815088,0.9227547522916687,2.5,7.910852728077119e-05,0,8.0,0.0002245,21.4115,21.675,7.5
1.95625,0.000978125,0.84,0.16,2.2693359375,1.5064315243315909,0.7700608431084067,1.066256723074178,0.7549764005745947,0.3464364682601118,0.0029549100409433805,98,15.96938775510204,77.0,11.0,37.89999999999999,71.18,1.003850135005158,6.470909090908504,6.857142857142857,32.0,5.0,15.299999999999997,27.150000000000006,0.9047521146085541,5.429999999998915,-1.7180791499481576,0.836942874892371,-2.272731960047634,0.8293141080529461,2.5,7.910852728077119e-05,1,8.0,0.000228,21.4115,21.675,7.5
2.74375,0.001371875,0.93625,0.06375,3.1180859375,1.7658102778894453,0.643575499913914,1.1794812622011595,0.8391871255726536,0.45018816720262284,0.006105131797787108,39,56.282051282051285,882.0,24.0,90.00000000000003,595.0999999999981,2.4557164373172777,24.795833333332222,19.205128205128204,285.0,10.0,33.2,192.27999999999938,2.3168585560891635,19.227999999998016,-1.4207249585809583,0.842442422972024,-1.5194161352611393,0.9866723000695317,2.5,0.00018961293447875924,0,8.0,0.0002245,21.4115,21.675,7.5
2.38,0.00119,0.88875,0.11125,2.8755999999999995,1.6957594168985173,0.7125039566797499,1.1628303152239348,0.7851385021251649,0.3652193286994238,0.0030681001158514793,71,26.816901408450704,139.0,17.0,79.0,122.19999999999993,1.073442301469922,7.188235294117221,10.014084507042254,48.0,7.0,30.0,45.89999999999999,1.0272256634796888,6.557142857141919,-1.8106285338104193,0.805377910480564,-1.8695651181158472,0.7881443108918391,2.5,0.00018961293447875924,1,8.0,0.000228,21.4115,21.675,7.5
2.2575,0.00112875,0.88125,0.11875,2.65369375,1.6290161908342102,0.7216018564046461,1.1647766729790228,0.7568962735925149,0.2929059175594422,0.002304076240507045,72,25.083333333333332,90.0,16.5,57.9,89.29,0.9626700891328026,5.411515151514824,9.791666666666666,36.0,7.0,23.599999999999994,33.160000000000025,0.886404530845849,4.737142857142184,-0.947469658755869,0.4372041589439578,-1.2869572223501946,0.4569615872169731,2.5,0.00018961293447875924,2,8.0,0.0002155,21.4115,21.675,7.5
3.545,0.0017725,0.9725,0.0275,4.275475,2.0677221766958924,0.5832784701538248,1.227008316293411,0.859915235333482,0.4449805007793635,0.006830435311375652,19,149.26315789473685,1154.0,75.0,268.19999999999993,1006.9400000000003,1.7025361375591992,13.425866666666492,40.94736842105263,285.0,21.0,80.59999999999998,251.52000000000004,1.5539478967648417,11.97714285714229,,,,,2.5,0.00045447774288657946,0,8.0,0.0002245,21.4115,21.675,7.5
3.275,0.0016375,0.94625,0.05375,3.8718749999999993,1.9677080576142385,0.600826887820958,1.2178082793155771,0.8219859372320357,0.3308564392637289,0.002792434926599579,39,67.17948717948718,288.0,43.0,167.00000000000003,254.55999999999977,1.0202246525096592,5.919999999999857,19.41025641025641,83.0,12.0,49.400000000000006,72.73999999999992,0.9849783274402547,6.061666666666155,-1.2302057882273634,0.6037492490593065,-1.1281166577134571,0.4837039481673543,2.5,0.00045447774288657946,1,8.0,0.000228,21.4115,21.675,7.5
3.0725,0.00153625,0.95625,0.04375,3.5897437500000002,1.8946619091542427,0.6166515570882428,1.2769904542802764,0.805662188099808,0.29792886054211837,0.001701335217302225,28,87.78571428571429,259.0,70.0,211.3,252.25,0.8296250926569186,3.6035714285713776,27.321428571428573,81.0,21.5,64.10000000000001,79.11,0.8103847743024563,3.6795348837207595,,,,,2.5,0.00045447774288657946,2,8.0,0.0002155,21.4115,21.675,7.5
5.34625,0.002673125,0.995,0.005,6.5388609375,2.557119656468973,0.47830154902380073,1.2155782013436094,0.8755742316869057,0.3328071982790514,0.003089777554114117,5,855.4,1427.0,795.0,1425.0,1426.8,0.6028179819892537,1.7947169811320731,159.2,275.0,144.0,266.2,274.12,0.5949974742753759,1.903611111111098,,,,,2.5,0.0010893245196962969,1,8.0,0.000228,21.4115,21.675,7.5
5.6275,0.00281375,0.99625,0.00375,6.68624375,2.5857772042463365,0.4594895076403157,1.1651069861179502,0.9073673870333988,0.4560894956759103,0.00547718192646602,4,,,,,,,,,,,,,,,,,,,2.5,0.0010893245196962969,0,8.0,0.0002245,21.4115,21.675,7.5
4.925,0.0024625,0.99375,0.00625,5.829375,2.414409865785012,0.49023550574305014,1.249575442049768,0.8650334816786591,0.30765026801984435,0.0017694579161776588,6,656.6666666666666,1446.0,643.0,1133.0,1414.7,0.683066742494277,2.200155520995331,132.5,278.0,134.0,225.0,272.70000000000005,0.6584482154660687,2.035074626865657,,,,,2.5,0.0010893245196962969,2,8.0,0.0002155,21.4115,21.675,7.5
10.92875,0.005464375,1.0,0.0,12.4261734375,3.525077791694816,0.3225508673631013,1.0784072928082011,0.9454078966123438,0.4095406360318884,0.013544409679475648,1,,,,,,,,,,,,,,,,,,,2.5,0.002610970345158807,0,8.0,0.0002245,21.4115,21.675,7.5
10.0625,0.00503125,1.0,0.0,10.86609375,3.2963758508398278,0.32759014666727954,1.0916672340722322,0.9354636661558938,0.32349655440789615,0.0031117894301171405,1,,,,,,,,,,,,,,,,,,,2.5,0.002610970345158807,1,8.0,0.000228,21.4115,21.675,7.5
9.6425,0.00482125,1.0,0.0,12.06969375,3.474146477913676,0.3602952012355007,1.1265232909757028,0.9223875972687298,0.3253510674956573,0.0018807263367676796,1,,,,,,,,,,,,,,,,,,,2.5,0.002610970345158807,2,8.0,0.0002155,21.4115,21.675,7.5
21.85875,0.010929375,1.0,0.0,25.7812984375,5.07752877269051,0.23228815795460755,1.0378632452477696,0.9688242900482419,0.38073081777443324,0.005201091513897878,1,,,,,,,,,,,,,,,,,,,2.5,0.006258159088532518,0,8.0,0.0002245,21.4115,21.675,7.5
20.61375,0.010306875,1.0,0.0,22.7845609375,4.773317602831389,0.23155988613576656,1.041789188376812,0.9660384227624061,0.3096016953834868,0.0026943429873525155,1,,,,,,,,,,,,,,,,,,,2.5,0.006258159088532518,1,8.0,0.000228,21.4115,21.675,7.5
19.985,0.0099925,1.0,0.0,24.049775,4.904056993959185,0.24538688986534601,1.0443036044451106,0.9620581629034165,0.3327380323557162,0.0018054655651408152,1,,,,,,,,,,,,,,,,,,,2.5,0.006258159088532518,2,8.0,0.0002155,21.4115,21.675,7.5
45.3125,0.02265625,1.0,0.0,48.98234375,6.998738725656216,0.1544549236006855,1.0184567822747406,0.982991556809927,0.26284667872603806,0.0028647482854361173,1,,,,,,,,,,,,,,,,,,,2.5,0.014999999999999996,0,8.0,0.0002245,21.4115,21.675,7.5
43.4175,0.02170875,1.0,0.0,47.08319375,6.861719445590879,0.15804040871977246,1.0197938571948664,0.9826775439947221,0.2639579930002498,0.001642451076292257,1,,,,,,,,,,,,,,,,,,,2.5,0.014999999999999996,1,8.0,0.000228,21.4115,21.675,7.5
42.97375,0.021486875,1.0,0.0,44.6805609375,6.684351945963049,0.15554500005149405,1.018171872173964,0.9831178686094106,0.2871048046275301,0.001712998361967583,1,,,,,,,,,,,,,,,,,,,2.5,0.014999999999999996,2,8.0,0.0002155,21.4115,21.675,7.5
1.27875,0.000639375,0.71125,0.28875,1.3685484374999999,1.169849749967918,0.9148385141481938,0.9384634697456464,0.6021639617145235,0.129096396245369,0.0,152,6.730263157894737,31.0,4.0,16.0,27.980000000000018,0.9386317568188254,6.994999999998256,3.7434210526315788,15.0,3.0,8.900000000000006,13.470000000000027,0.8422496017051104,4.4899999999985125,-1.8400236915613875,0.9191630973410949,-2.3023156807386576,0.9291736263573362,3.0,1e-06,2,8.0,7.8e-05,21.4115,21.675,7.5
1.25875,0.000629375,0.73875,0.26125,1.1142984375,1.0556033523535249,0.8386123951163346,0.9310451977393456,0.6431881371640408,0.13486533133834247,0.0008726061197974788,144,6.993055555555555,39.0,5.0,16.0,29.569999999999993,0.9480234609798112,5.913999999998816,4.104166666666667,19.0,3.0,9.0,14.569999999999993,0.8439076752788243,4.8566666666650455,-1.921816666044759,0.7954793294777069,-2.2572075593473655,0.9629909871621835,3.0,1e-06,0,8.0,8.025e-05,21.4115,21.675,7.5
1.295,0.0006475,0.74375,0.25625,1.2304750000000002,1.1092677765084498,0.856577433596597,0.9261784511776869,0.6214470284237726,0.11129822872474253,0.0,148,7.0,35.0,5.0,15.0,32.120000000000005,0.9357459689880642,6.423999999998716,4.02027027027027,21.0,3.0,9.0,19.0,0.9081775075071404,6.333333333331222,-2.419477827784761,0.8343509057168438,-2.538624000445237,0.8748962427746036,3.0,1e-06,1,8.0,8.025e-05,21.4115,21.675,7.5
1.26,0.00063,0.73875,0.26125,1.1149,1.0558882516630252,0.8380065489382438,0.9293502824851115,0.6446089773253123,0.13757515739836412,0.0008943554346419429,144,7.0,39.0,5.0,16.0,29.569999999999993,0.9482051310350968,5.913999999998816,4.104166666666667,19.0,3.0,9.0,14.569999999999993,0.8439076752788243,4.8566666666650455,-1.921816666044759,0.7954793294777069,-2.2572075593473655,0.9629909871621835,3.0,2.3968709947764157e-06,0,8.0,8.025e-05,21.4115,21.675,7.5
1.29875,0.000649375,0.74375,0.25625,1.2419984375,1.1144498362420805,0.8580941953734147,0.9273288439947457,0.6203505771697306,0.11049474987479656,0.0,148,7.02027027027027,36.0,5.0,15.0,32.120000000000005,0.9367790308354432,6.423999999998716,4.02027027027027,21.0,3.0,9.0,19.0,0.9081775075071404,6.333333333331222,-2.35860010642696,0.8745644049911645,-2.538624000445237,0.8748962427746036,3.0,2.3968709947764157e-06,1,8.0,8.025e-05,21.4115,21.675,7.5
1.28,0.00064,0.7125,0.2875,1.3666,1.169016680804855,0.9132942818780794,0.9368170426057418,0.6019134775374376,0.12693591348582375,0.0,153,6.69281045751634,31.0,4.0,16.0,27.95999999999998,0.9433209587155782,6.989999999998247,3.7254901960784315,15.0,3.0,8.800000000000011,13.43999999999997,0.8456176748845653,4.479999999998497,-1.8400236915613875,0.9191630973410949,-2.3023156807386576,0.9291736263573362,3.0,2.3968709947764157e-06,2,8.0,7.8e-05,21.4115,21.675,7.5
1.265,0.0006325,0.73875,0.26125,1.1222750000000001,1.0593748156342022,0.8374504471409998,0.928785310733703,0.6467615985300873,0.14212565703110136,0.0009318919970681455,144,7.027777777777778,39.0,5.0,16.0,29.569999999999993,0.9486083662355342,5.913999999998816,4.104166666666667,19.0,3.0,9.0,14.569999999999993,0.8439076752788243,4.8566666666650455,-1.8960946902311677,0.7753326427094893,-2.2572075593473655,0.9629909871621835,3.0,5.744990565600497e-06,0,8.0,8.025e-05,21.4115,21.675,7.5
1.31125,0.000655625,0.7475,0.2525,1.2668734375000001,1.1255547243470663,0.8583830118941528,0.9350921273024113,0.6218029350104822,0.11422075118522246,0.0,145,7.23448275862069,36.0,5.0,15.0,32.68000000000001,0.9504839574365329,6.535999999998694,4.124137931034483,21.0,3.0,9.0,19.560000000000002,0.9366728126654588,6.519999999997827,-2.257881179546824,0.8567715840170975,-2.490800453423986,0.846212233019122,3.0,5.744990565600497e-06,1,8.0,8.025e-05,21.4115,21.675,7.5
1.29125,0.000645625,0.7175,0.2825,1.3789234375000001,1.174275707617253,0.909410034940053,0.9464327194284511,0.6040213377102995,0.12749142844416203,0.0,151,6.841059602649007,31.0,4.0,16.0,29.0,0.9488363485148783,7.249999999998187,3.801324503311258,17.0,3.0,9.0,14.0,0.8590033913519707,4.666666666665111,-1.8241874143956809,0.8994371010568659,-2.7300622164040464,0.920047520508823,3.0,5.744990565600497e-06,2,8.0,7.8e-05,21.4115,21.675,7.5
1.2925,0.00064625,0.74875,0.25125,1.15694375,1.0756131972042737,0.8321958972560476,0.9448717948710234,0.6501547987616099,0.14402508767912275,0.0009007039820935064,140,7.385714285714286,40.0,5.0,17.10000000000001,30.0,0.9521295014681677,5.9999999999988,4.2785714285714285,19.0,3.0,9.100000000000009,16.829999999999956,0.853771015703007,5.609999999998115,-1.3699364447598827,0.783373432437898,-2.5000370894216304,0.9209016868886144,3.0,1.3770001251951984e-05,0,8.0,8.025e-05,21.4115,21.675,7.5
1.34,0.00067,0.75125,0.24875,1.3194,1.1486513831445988,0.8572025247341354,0.9554166666658808,0.6245980707395499,0.1193060072301658,0.0,142,7.549295774647887,36.0,5.0,16.0,35.0,0.9545002943868643,6.9999999999986,4.232394366197183,24.0,3.0,9.0,20.180000000000007,0.9515856302779468,6.726666666664427,-2.3217850119121315,0.8065309212865014,-2.646381168290235,0.9251471042697538,3.0,1.3770001251951984e-05,1,8.0,8.025e-05,21.4115,21.675,7.5
1.34625,0.000673125,0.7425,0.2575,1.3888609375,1.178499443147938,0.8753942010377439,0.9710197210189201,0.6130417805544709,0.11174764204027834,0.0,144,7.479166666666667,33.0,4.0,17.700000000000017,30.0,0.9471366521112933,7.499999999998125,4.125,17.0,3.0,10.0,15.569999999999993,0.873547594266429,5.1899999999982676,-1.429356108970073,0.6476141306425771,-2.247015148188178,0.9056319303601447,3.0,3.300491659883871e-05,2,8.0,7.8e-05,21.4115,21.675,7.5
1.305,0.0006525,0.72375,0.27625,1.3744750000000001,1.1723800578310772,0.8983755232415164,0.9526523562785117,0.6092607636068237,0.12740011897956197,0.0,148,7.054054054054054,31.0,4.0,16.30000000000001,29.0,0.9362623826467317,7.249999999998187,3.9121621621621623,17.0,3.0,9.0,14.060000000000002,0.8524099090322762,4.686666666665105,-1.7394068044093702,0.8192658158626801,-2.681304407178491,0.9039080904400921,3.0,1.3770001251951984e-05,2,8.0,7.8e-05,21.4115,21.675,7.5
1.37,0.000685,0.76125,0.23875,1.3306,1.1535163631262453,0.8419827468068636,0.9733278508763934,0.629976580796253,0.11363731319467416,0.0,138,7.942028985507246,42.0,5.5,17.299999999999997,36.0,0.9943011867731018,6.545454545453356,4.413043478260869,25.0,3.0,9.0,22.889999999999986,0.9917639923123938,7.629999999997452,-1.8763218385299973,0.9503340175820947,-2.3482873395900383,0.8897419759641083,3.0,3.300491659883871e-05,1,8.0,8.025e-05,21.4115,21.675,7.5
1.34,0.00067,0.75625,0.24375,1.2368999999999999,1.1121600604229591,0.8299701943448724,0.9520143487851039,0.6519587628865979,0.145730572756921,0.0008584822043701397,138,7.768115942028985,40.0,5.0,18.0,30.629999999999995,0.9393911459586932,6.125999999998774,4.384057971014493,19.0,3.0,9.299999999999997,16.889999999999986,0.8566975793331572,5.629999999998119,-1.5417347238877726,0.7779810360348174,-2.3889783953481922,0.8917356152368411,3.0,3.300491659883871e-05,0,8.0,8.025e-05,21.4115,21.675,7.5
1.4425,0.00072125,0.7775,0.2225,1.32669375,1.151821926341047,0.7984900702532052,0.9533816425113374,0.6675229357798165,0.14498560833935584,0.000807128788445771,137,8.423357664233576,41.0,6.0,19.0,34.91999999999996,0.936730945832843,5.819999999999023,4.54014598540146,19.0,3.0,10.0,17.559999999999945,0.8565798112407174,5.8533333333313635,-2.2004026345101573,0.8976947978789556,-1.9443503642759552,0.9215427995269643,3.0,7.910852728077119e-05,0,8.0,8.025e-05,21.4115,21.675,7.5
1.4675,0.00073375,0.77625,0.22375,1.43644375,1.1985173131832514,0.816706857364521,0.9930875576028985,0.6436541143654114,0.11487344544150528,0.0,132,8.893939393939394,56.0,6.0,18.0,42.75999999999999,1.0362639503749014,7.126666666665478,4.704545454545454,31.0,3.0,9.0,23.069999999999993,1.0088525059896254,7.689999999997434,-2.0504009618815084,0.8771359268529197,-2.307724541716697,0.8072630485039135,3.0,7.910852728077119e-05,1,8.0,8.025e-05,21.4115,21.675,7.5
1.45375,0.000726875,0.765,0.235,1.4878609375000003,1.2197790527386507,0.8390569580311688,0.9926742919382022,0.6306837903505728,0.10960949503675964,0.0,139,8.366906474820144,33.0,5.0,20.200000000000003,31.0,0.9319976617918871,6.19999999999876,4.402877697841727,17.0,3.0,11.0,15.620000000000005,0.8601168125699069,5.206666666664932,-1.2456716834276698,0.721452476046684,-2.087881868355534,0.8255562072155722,3.0,7.910852728077119e-05,2,8.0,7.8e-05,21.4115,21.675,7.5
1.7125,0.00085625,0.83625,0.16375,1.61984375,1.2727308238586823,0.743200481084928,1.052607285428351,0.7053007415545179,0.17166313364856695,0.0010216714090156853,107,12.80373831775701,72.0,8.0,27.0,59.51999999999998,1.0245476592729266,7.439999999999068,6.252336448598131,37.0,4.0,13.0,24.75999999999999,0.9546690965185249,6.1899999999984505,-1.813876719789372,0.8717667455478348,-2.150526773556128,0.8825595481457725,3.0,0.00018961293447875924,0,8.0,8.025e-05,21.4115,21.675,7.5
1.755,0.0008775,0.82,0.18,1.744975,1.3209750186888471,0.7526923183407945,1.0811414031253241,0.6894313165411582,0.1452847438246062,0.0012070451456822264,111,12.64864864864865,73.0,9.0,24.0,64.70000000000002,1.049526015835215,7.1888888888880915,5.90990990990991,38.0,4.0,11.0,30.900000000000006,1.047394770170367,7.72499999999807,-2.22878508090603,0.8396317235919593,-2.54217407880589,0.9216397285301752,3.0,0.00018961293447875924,1,8.0,8.025e-05,21.4115,21.675,7.5
2.28125,0.001140625,0.90625,0.09375,2.2446484375,1.498215083858122,0.6567518175813546,1.2072135622196356,0.7310924369747899,0.10622798511268904,0.0005901700545727994,67,27.238805970149254,157.0,17.0,61.0,128.62000000000015,1.0348513518001914,7.565882352940741,10.82089552238806,60.0,7.0,21.799999999999997,51.420000000000044,1.0086748585512062,7.3457142857132425,-1.8334427481627786,0.8954022731318534,-2.002102413427827,0.8965218741482054,3.0,0.00045447774288657946,0,8.0,8.025e-05,21.4115,21.675,7.5
2.35375,0.001176875,0.89375,0.10625,2.3536109375,1.534148277546861,0.6517889655002482,1.1856170245868305,0.7361485950150818,0.11742490241952536,0.001999792900164604,74,25.445945945945947,131.0,17.5,51.400000000000006,108.36999999999988,0.9661121110294465,6.1925714285710685,9.662162162162161,53.0,7.0,18.700000000000003,39.85999999999993,0.9525625553111084,5.694285714284891,-2.1190913622289362,0.9346857193210394,-1.77648933768769,0.7648510852787117,3.0,0.00045447774288657946,1,8.0,8.025e-05,21.4115,21.675,7.5
1.6925,0.00084625,0.81625,0.18375,1.75294375,1.3239878209409632,0.782267545607197,1.0797017428708877,0.6534921494315106,0.09030209212208885,0.0,114,11.87719298245614,43.0,8.0,29.700000000000003,40.870000000000005,0.9229258113773513,5.108749999999362,5.728070175438597,24.0,3.0,12.700000000000003,20.74000000000001,0.8796933032746431,6.913333333331032,-1.2532801507262215,0.8652781262672551,-1.6934894151379731,0.7084042003511719,3.0,0.00018961293447875924,2,8.0,7.8e-05,21.4115,21.675,7.5
3.7675,0.00188375,0.985,0.015,3.57094375,1.8896940889995926,0.501577727670628,1.2923226639230534,0.8278253485245206,0.13148524397453887,0.0,13,231.84615384615384,951.0,179.0,429.0000000000001,892.5599999999995,1.0269189116460844,4.986368715083768,60.61538461538461,253.0,49.0,107.00000000000003,236.43999999999986,1.0393811623010247,4.825306122448878,,,,,3.0,0.0010893245196962969,0,8.0,8.025e-05,21.4115,21.675,7.5
2.29125,0.001145625,0.915,0.085,2.2864234375,1.5120924037571248,0.6599421292990573,1.2281349749193387,0.7287657597876576,0.11051060098009712,0.0,57,32.1578947368421,103.0,27.0,59.39999999999999,91.79999999999995,0.7542268082925692,3.3999999999998725,12.842105263157896,39.0,11.0,25.4,37.879999999999995,0.7630658891575645,3.4436363636360503,-1.7127680680826491,0.3784399904496858,-1.5894339506630877,0.5123201216993822,3.0,0.00045447774288657946,2,8.0,7.8e-05,21.4115,21.675,7.5
3.88625,0.001943125,0.98,0.02,3.9383109374999994,1.9845178098218215,0.5106510929099545,1.297620100205672,0.8175067358874942,0.11984741575135341,0.0011067413106344486,17,182.88235294117646,602.0,147.0,356.40000000000003,565.1999999999999,0.8606593685463404,3.844897959183647,46.11764705882353,147.0,31.0,92.6,138.68,0.855075251638211,4.47354838709663,,,,,3.0,0.0010893245196962969,1,8.0,8.025e-05,21.4115,21.675,7.5
3.695,0.0018475,0.9725,0.0275,3.936975,1.98418119132301,0.5369908501549319,1.2713025641590758,0.8027447912963095,0.12534070684340531,0.0,23,128.52173913043478,400.0,119.0,214.20000000000002,366.7800000000002,0.6849814532520986,3.0821848739495556,33.82608695652174,105.0,27.0,56.800000000000004,96.64000000000004,0.6898877996809979,3.5792592592591284,,,,,3.0,0.0010893245196962969,2,8.0,7.8e-05,21.4115,21.675,7.5
7.145,0.0035725,1.0,0.0,6.576475,2.564463881593968,0.3589172682426325,1.1673272736161344,0.9013780941806544,0.12337420291947357,0.0006527710542424818,1,,,,,,,,,,,,,,,,,,,3.0,0.002610970345158807,0,8.0,8.025e-05,21.4115,21.675,7.5
7.33625,0.003668125,0.99875,0.00125,7.298185937500001,2.701515489035738,0.36824201588486893,1.1686150663591772,0.8983151838915143,0.13678477387281565,0.0008845002771856909,2,,,,,,,,,,,,,,,,,,,3.0,0.002610970345158807,1,8.0,8.025e-05,21.4115,21.675,7.5
15.25375,0.007626875,1.0,0.0,15.4218609375,3.927067727643617,0.2574493306657943,1.0641638409470582,0.9480005452370014,0.15977616605192685,0.0016337734164269069,1,,,,,,,,,,,,,,,,,,,3.0,0.006258159088532518,0,8.0,8.025e-05,21.4115,21.675,7.5
15.4425,0.00772125,1.0,0.0,15.62669375,3.9530613137162445,0.2559858386735301,1.069489211065111,0.9474942928579193,0.11801678826710514,0.0007074571689726699,1,,,,,,,,,,,,,,,,,,,3.0,0.006258159088532518,1,8.0,8.025e-05,21.4115,21.675,7.5
7.24,0.00362,0.99875,0.00125,7.8824000000000005,2.8075612192791097,0.38778469879540356,1.1878221954955288,0.88685237462637,0.13908897896384467,0.0,2,,,,,,,,,,,,,,,,,,,3.0,0.002610970345158807,2,8.0,7.8e-05,21.4115,21.675,7.5
15.23875,0.007619375,1.0,0.0,15.7317484375,3.966326819300195,0.2602790136526903,1.0649743160705967,0.9471252877741427,0.1714061398755591,0.0,1,,,,,,,,,,,,,,,,,,,3.0,0.006258159088532518,2,8.0,7.8e-05,21.4115,21.675,7.5
33.76125,0.016880625,1.0,0.0,34.5767484375,5.880199693675377,0.17417008237773196,1.0307501198074873,0.9725509345689767,0.06920638836307581,0.0003792900982661641,1,,,,,,,,,,,,,,,,,,,3.0,0.014999999999999996,0,8.0,8.025e-05,21.4115,21.675,7.5
33.455,0.0167275,1.0,0.0,33.027975,5.746997041934161,0.17178290365966192,1.0292629088946206,0.9738054682633975,0.06819670712001001,0.0,1,,,,,,,,,,,,,,,,,,,3.0,0.014999999999999996,1,8.0,8.025e-05,21.4115,21.675,7.5
33.73625,0.016868125,1.0,0.0,33.2491859375,5.766210708732382,0.17092032187134643,1.0266045540229802,0.9748031681145701,0.12239658283774181,0.0,1,,,,,,,,,,,,,,,,,,,3.0,0.014999999999999996,2,8.0,7.8e-05,21.4115,21.675,7.5
