repeat,seed,condition,analysis_level,N0,N1,n_add,add_neuron_frac,e0,i0,e1,i1,n_add_e,n_add_i,baseline_edge_density,p_new_edge_density,n_edges_old,n_edges_new_total,n_edges_added,mean_out_degree_old,mean_out_degree_new,actual_N,actual_E,actual_I,actual_ei_ratio_implied,actual_dt,actual_refractory_steps,actual_p_ext,actual_slope,actual_e_w,actual_i_w,actual_theta,T_RUN,MV_slope,MV_r2,MV_nfit,TAU_slope,TAU_r2,TAU_nfit,KURT_slope,KURT_r2,KURT_nfit,mean_rate_hz,pop_rate_mean_hz,pop_rate_std_hz,global_avalanche_tau,global_avalanche_xmin,global_avalanche_n_tail,global_n_avalanches,global_avalanche_size_mean,global_avalanche_size_max,global_avalanche_duration_mean_s,global_avalanche_duration_max_s,global_avalanche_threshold,global_avalanche_threshold_mode,global_frac_silent_bins,global_branching_proxy,n_modules_used,local_tau_mean,local_tau_std,local_log_tau_std,local_av_tau_mean,local_av_tau_std,local_branch_mean,local_branch_std,local_rate_mean,local_rate_std,local_mean_frac_silent_bins,local_quantile_fallback_frac,n_rare_modules,rare_module_neuron_fraction,n_long_avalanches,long_avalanche_activity_in_rare_fraction,rare_enrichment,long_avalanche_module_gini_mean,long_avalanche_module_entropy_mean,long_avalanche_top_module_fraction_mean,delta_MV_slope,abs_delta_MV_slope,delta_TAU_slope,abs_delta_TAU_slope,delta_KURT_slope,abs_delta_KURT_slope,delta_global_avalanche_tau,abs_delta_global_avalanche_tau,delta_global_branching_proxy,abs_delta_global_branching_proxy,delta_local_log_tau_std,abs_delta_local_log_tau_std,delta_local_av_tau_std,abs_delta_local_av_tau_std,delta_local_branch_std,abs_delta_local_branch_std,delta_rare_enrichment,abs_delta_rare_enrichment,delta_long_avalanche_module_gini_mean,abs_delta_long_avalanche_module_gini_mean,delta_long_avalanche_top_module_fraction_mean,abs_delta_long_avalanche_top_module_fraction_mean,global_change_score,local_heterogeneity_change_score
0,12345,baseline,3,2000,2000,0,0.0,1600,400,1600,400,0,0,0.00043571785892946473,0.0,1742,1742,0,0.871,0.871,2000,1600,400,0.2,0.01,2,0.015,2.25,21.4115,21.675,7.5,100.0,1.2847817489794253,0.9975198286852346,9,0.04174480068012142,0.3004013261422184,9,-0.5145900931426942,0.9579302427738252,9,3.728115,3.7281150000000003,0.4962149703253621,1.987085804882756,79.0,1402,1746,233.8734249713631,1447.0,0.02832760595647194,0.17,74.0,quantile_fallback,0.0,0.9909332821714745,125,0.1958943081296071,0.060280112066617014,0.15240142280717983,2.5440328190534243,0.43391144002256926,0.4013973544977769,0.09218138039996793,3.728115,0.904919560061253,0.5498064,0.0,13,0.104,175,0.09947016150293835,0.9564438606051764,0.2556169375782399,0.9766135127981551,0.01938461920813319,0.0,0.0,0.0,0.0,0.0,0.0,0.0,0.0,0.0,0.0,0.0,0.0,0.0,0.0,0.0,0.0,0.0,0.0,0.0,0.0,0.0,0.0,0.0,0.0
0,12345,baseline,4,2000,2000,0,0.0,1600,400,1600,400,0,0,0.00043571785892946473,0.0,1742,1742,0,0.871,0.871,2000,1600,400,0.2,0.01,2,0.015,2.25,21.4115,21.675,7.5,100.0,1.2847817489794253,0.9975198286852346,9,0.04174480068012142,0.3004013261422184,9,-0.5145900931426942,0.9579302427738252,9,3.728115,3.7281150000000003,0.4962149703253621,1.987085804882756,79.0,1402,1746,233.8734249713631,1447.0,0.02832760595647194,0.17,74.0,quantile_fallback,0.0,0.9909332821714745,62,0.2044893829167638,0.061387043350642406,0.15875899585509887,2.0092435267324915,0.1745953664537718,0.5849278984137647,0.06421718425015209,3.7253326612903224,0.7161790840116691,0.307691935483871,0.0,7,0.11290322580645161,175,0.10850618491258772,0.9610547806543484,0.19429601729693144,0.9847567447211311,0.03181418053645471,0.0,0.0,0.0,0.0,0.0,0.0,0.0,0.0,0.0,0.0,0.0,0.0,0.0,0.0,0.0,0.0,0.0,0.0,0.0,0.0,0.0,0.0,0.0,0.0
0,12345,baseline,5,2000,2000,0,0.0,1600,400,1600,400,0,0,0.00043571785892946473,0.0,1742,1742,0,0.871,0.871,2000,1600,400,0.2,0.01,2,0.015,2.25,21.4115,21.675,7.5,100.0,1.2847817489794253,0.9975198286852346,9,0.04174480068012142,0.3004013261422184,9,-0.5145900931426942,0.9579302427738252,9,3.728115,3.7281150000000003,0.4962149703253621,1.987085804882756,79.0,1402,1746,233.8734249713631,1447.0,0.02832760595647194,0.17,74.0,quantile_fallback,0.0,0.9909332821714745,31,0.2147343473998904,0.06728563657888573,0.14680447033517918,1.769524764714714,0.10837254440375596,0.7473488940130965,0.038600475872608994,3.7253326612903224,0.5771595524584476,0.10037419354838709,0.0,4,0.12903225806451613,175,0.11391047746495789,0.8828062003534236,0.14978298030233253,0.9890013860862306,0.05349227571291386,0.0,0.0,0.0,0.0,0.0,0.0,0.0,0.0,0.0,0.0,0.0,0.0,0.0,0.0,0.0,0.0,0.0,0.0,0.0,0.0,0.0,0.0,0.0,0.0
0,12345,baseline,6,2000,2000,0,0.0,1600,400,1600,400,0,0,0.00043571785892946473,0.0,1742,1742,0,0.871,0.871,2000,1600,400,0.2,0.01,2,0.015,2.25,21.4115,21.675,7.5,100.0,1.2847817489794253,0.9975198286852346,9,0.04174480068012142,0.3004013261422184,9,-0.5145900931426942,0.9579302427738252,9,3.728115,3.7281150000000003,0.4962149703253621,1.987085804882756,79.0,1402,1746,233.8734249713631,1447.0,0.02832760595647194,0.17,74.0,quantile_fallback,0.0,0.9909332821714745,15,0.22564117172907458,0.042896812397895744,0.08075175761092629,1.9515237731332045,0.44366537088189223,0.8610120843775652,0.022017550717486234,3.7314999999999996,0.541622990365809,0.011526666666666664,0.3333333333333333,2,0.13333333333333333,175,0.1250365409657445,0.9377740572430838,0.1178833621204932,0.9910132273779517,0.0987577039702402,0.0,0.0,0.0,0.0,0.0,0.0,0.0,0.0,0.0,0.0,0.0,0.0,0.0,0.0,0.0,0.0,0.0,0.0,0.0,0.0,0.0,0.0,0.0,0.0
0,12345,baseline,7,2000,2000,0,0.0,1600,400,1600,400,0,0,0.00043571785892946473,0.0,1742,1742,0,0.871,0.871,2000,1600,400,0.2,0.01,2,0.015,2.25,21.4115,21.675,7.5,100.0,1.2847817489794253,0.9975198286852346,9,0.04174480068012142,0.3004013261422184,9,-0.5145900931426942,0.9579302427738252,9,3.728115,3.7281150000000003,0.4962149703253621,1.987085804882756,79.0,1402,1746,233.8734249713631,1447.0,0.02832760595647194,0.17,74.0,quantile_fallback,0.0,0.9909332821714745,7,0.24133361554066451,0.041665480518310656,0.07488245610561196,2.192876070184714,0.1681075926044719,0.9287055691664678,0.010114272555626337,3.729196428571428,0.5746834459578909,0.00024285714285714289,1.0,1,0.14285714285714285,175,0.13163683252427186,0.921457827669903,0.09829010314341519,0.9904626606249073,0.19487047732299198,0.0,0.0,0.0,0.0,0.0,0.0,0.0,0.0,0.0,0.0,0.0,0.0,0.0,0.0,0.0,0.0,0.0,0.0,0.0,0.0,0.0,0.0,0.0,0.0
0,12346,add_frac_0.1000_nadd_200,3,2000,2200,200,0.1,1600,400,1760,440,160,40,0.0004234617308654327,0.0004234617308654327,1693,1996,303,0.8465,0.9072727272727272,2200,1760,440,0.2,0.01,2,0.015,2.25,21.4115,21.675,7.5,100.0,1.2971138263853708,0.9982829143320763,9,0.04716028632065669,0.8905675023014322,9,-0.48740569963325464,0.9387609891168626,10,3.871231818181818,3.871231818181818,0.4720921817595716,2.005094937769302,90.0,1395,1718,263.71885913853316,2455.0,0.028131548311990686,0.25,85.0,quantile_fallback,0.0,0.9923760784133646,125,0.17405400132535265,0.05667152939399939,0.15180647637354203,2.6010977119866605,0.4981948306788504,0.3958022878670041,0.10500099137681347,3.9203249999999996,1.3414198208751402,0.5338607999999999,0.0,13,0.104,172,0.11797379998525327,1.1343634613966662,0.2743825046797423,0.9732757406825852,0.02205852240646909,0.01233207740594544,0.01233207740594544,0.005415485640535268,0.005415485640535268,0.027184393509439575,0.027184393509439575,0.01800913288654593,0.01800913288654593,0.001442796241890143,0.001442796241890143,-0.0005949464336378052,0.0005949464336378052,0.06428339065628114,0.06428339065628114,0.012819610976845544,0.012819610976845544,0.17791960079148983,0.17791960079148983,0.0187655671015024,0.0187655671015024,0.0026739031983359016,0.0026739031983359016,0.009299873043729196,0.02589931602225483
0,12346,add_frac_0.1000_nadd_200,4,2000,2200,200,0.1,1600,400,1760,440,160,40,0.0004234617308654327,0.0004234617308654327,1693,1996,303,0.8465,0.9072727272727272,2200,1760,440,0.2,0.01,2,0.015,2.25,21.4115,21.675,7.5,100.0,1.2971138263853708,0.9982829143320763,9,0.04716028632065669,0.8905675023014322,9,-0.48740569963325464,0.9387609891168626,10,3.871231818181818,3.871231818181818,0.4720921817595716,2.005094937769302,90.0,1395,1718,263.71885913853316,2455.0,0.028131548311990686,0.25,85.0,quantile_fallback,0.0,0.9923760784133646,62,0.1723022153790147,0.04732398077225777,0.12057759507254973,1.9961081008640615,0.15132752929745996,0.5788883635638797,0.08534194056469878,3.9224193548387096,1.1367098255529393,0.2923338709677419,0.016129032258064516,7,0.11290322580645161,172,0.12150265913520299,1.0761664094832264,0.21491367622739407,0.9813011778677939,0.036489043535428464,0.01233207740594544,0.01233207740594544,0.005415485640535268,0.005415485640535268,0.027184393509439575,0.027184393509439575,0.01800913288654593,0.01800913288654593,0.001442796241890143,0.001442796241890143,-0.03818140078254914,0.03818140078254914,-0.023267837156311838,0.023267837156311838,0.02112475631454669,0.02112475631454669,0.11511162882887804,0.11511162882887804,0.020617658930462635,0.020617658930462635,0.004674862998973753,0.004674862998973753,0.009299873043729196,0.02752466475113589
0,12346,add_frac_0.1000_nadd_200,5,2000,2200,200,0.1,1600,400,1760,440,160,40,0.0004234617308654327,0.0004234617308654327,1693,1996,303,0.8465,0.9072727272727272,2200,1760,440,0.2,0.01,2,0.015,2.25,21.4115,21.675,7.5,100.0,1.2971138263853708,0.9982829143320763,9,0.04716028632065669,0.8905675023014322,9,-0.48740569963325464,0.9387609891168626,10,3.871231818181818,3.871231818181818,0.4720921817595716,2.005094937769302,90.0,1395,1718,263.71885913853316,2455.0,0.028131548311990686,0.25,85.0,quantile_fallback,0.0,0.9923760784133646,31,0.17848848272890014,0.05451352858268474,0.136272475258616,1.8537027344086738,0.19961806063106574,0.741105910785969,0.05349823626074605,3.922419354838709,1.009548495853513,0.09404193548387096,0.06451612903225806,4,0.12903225806451613,172,0.13801076867175371,1.0695834572060914,0.17191723718634916,0.9849416553605295,0.06567075495097123,0.01233207740594544,0.01233207740594544,0.005415485640535268,0.005415485640535268,0.027184393509439575,0.027184393509439575,0.01800913288654593,0.01800913288654593,0.001442796241890143,0.001442796241890143,-0.010531995076563189,0.010531995076563189,0.09124551622730978,0.09124551622730978,0.014897760388137053,0.014897760388137053,0.18677725685266777,0.18677725685266777,0.02213425688401663,0.02213425688401663,0.012178479238057371,0.012178479238057371,0.009299873043729196,0.03889175723067001
0,12346,add_frac_0.1000_nadd_200,6,2000,2200,200,0.1,1600,400,1760,440,160,40,0.0004234617308654327,0.0004234617308654327,1693,1996,303,0.8465,0.9072727272727272,2200,1760,440,0.2,0.01,2,0.015,2.25,21.4115,21.675,7.5,100.0,1.2971138263853708,0.9982829143320763,9,0.04716028632065669,0.8905675023014322,9,-0.48740569963325464,0.9387609891168626,10,3.871231818181818,3.871231818181818,0.4720921817595716,2.005094937769302,90.0,1395,1718,263.71885913853316,2455.0,0.028131548311990686,0.25,85.0,quantile_fallback,0.0,0.9923760784133646,15,0.1821488757273238,0.06334780362907723,0.1675222538629912,2.045507152679472,0.4409522968236176,0.8584666336864815,0.031030134972124646,3.924369791666666,0.9775432358697961,0.01,0.4666666666666667,2,0.13333333333333333,172,0.1395251658678856,1.046438744009142,0.14395025469836564,0.9858807315609339,0.11735079514812556,0.01233207740594544,0.01233207740594544,0.005415485640535268,0.005415485640535268,0.027184393509439575,0.027184393509439575,0.01800913288654593,0.01800913288654593,0.001442796241890143,0.001442796241890143,0.0867704962520649,0.0867704962520649,-0.002713074058274645,0.002713074058274645,0.009012584254638412,0.009012584254638412,0.10866468676605823,0.10866468676605823,0.02606689257787244,0.02606689257787244,0.018593091177885365,0.018593091177885365,0.009299873043729196,0.03283205152165932
0,12346,add_frac_0.1000_nadd_200,7,2000,2200,200,0.1,1600,400,1760,440,160,40,0.0004234617308654327,0.0004234617308654327,1693,1996,303,0.8465,0.9072727272727272,2200,1760,440,0.2,0.01,2,0.015,2.25,21.4115,21.675,7.5,100.0,1.2971138263853708,0.9982829143320763,9,0.04716028632065669,0.8905675023014322,9,-0.48740569963325464,0.9387609891168626,10,3.871231818181818,3.871231818181818,0.4720921817595716,2.005094937769302,90.0,1395,1718,263.71885913853316,2455.0,0.028131548311990686,0.25,85.0,quantile_fallback,0.0,0.9923760784133646,7,0.18763859386644993,0.05166195721212707,0.1302976205401938,2.321727172839309,0.2691152838220539,0.9305871141702945,0.0129977365499309,3.707360491071429,0.5053382284035421,0.0001142857142857143,1.0,1,0.14285714285714285,172,0.19101675805379154,1.337117306376541,0.09375843070561955,0.9912570206490423,0.19295775318942665,0.01233207740594544,0.01233207740594544,0.005415485640535268,0.005415485640535268,0.027184393509439575,0.027184393509439575,0.01800913288654593,0.01800913288654593,0.001442796241890143,0.001442796241890143,0.055415164434581846,0.055415164434581846,0.10100769121758202,0.10100769121758202,0.0028834639943045633,0.0028834639943045633,0.4156594787066379,0.4156594787066379,-0.0045316724377956336,0.0045316724377956336,-0.00191272413356533,0.00191272413356533,0.009299873043729196,0.0531021065488228
0,12347,add_frac_0.3000_nadd_600,3,2000,2600,600,0.3,1600,400,2080,520,480,120,0.0004462231115557779,0.0004462231115557779,1784,2951,1167,0.892,1.135,2600,2080,520,0.2,0.01,2,0.015,2.25,21.4115,21.675,7.5,100.0,1.3554616971472015,0.9983871743826688,9,0.04665946627008472,0.9805092639081097,9,-0.48159263071643654,0.9619312650002793,10,5.321819230769231,5.321819230769231,0.5393522724818733,1.9497980025077521,145.0,1309,1613,455.9342839429634,3532.0,0.030446373217606945,0.22,138.0,quantile_fallback,0.0,0.9952344826295746,125,0.17732590600417264,0.058624033396715056,0.1493480474074963,2.2768230807316425,0.2937070979753807,0.4764788696424635,0.09427803395514583,5.392829999999999,1.5282067511775879,0.41430560000000005,0.0,13,0.104,162,0.09766773857615325,0.9391128709245505,0.2163615412088926,0.9838978978135762,0.017028446456511675,0.07067994816777623,0.07067994816777623,0.004914665589963299,0.004914665589963299,0.03299746242625767,0.03299746242625767,-0.03728780237500384,0.03728780237500384,0.004301200458100118,0.004301200458100118,-0.0030533753996835333,0.0030533753996835333,-0.14020434204718857,0.14020434204718857,0.0020966535551779075,0.0020966535551779075,-0.017330989680625852,0.017330989680625852,-0.0392553963693473,0.0392553963693473,-0.002356172751621515,0.002356172751621515,0.029295904147710872,0.04845145700068334
0,12347,add_frac_0.3000_nadd_600,4,2000,2600,600,0.3,1600,400,2080,520,480,120,0.0004462231115557779,0.0004462231115557779,1784,2951,1167,0.892,1.135,2600,2080,520,0.2,0.01,2,0.015,2.25,21.4115,21.675,7.5,100.0,1.3554616971472015,0.9983871743826688,9,0.04665946627008472,0.9805092639081097,9,-0.48159263071643654,0.9619312650002793,10,5.321819230769231,5.321819230769231,0.5393522724818733,1.9497980025077521,145.0,1309,1613,455.9342839429634,3532.0,0.030446373217606945,0.22,138.0,quantile_fallback,0.0,0.9952344826295746,62,0.1738599388898669,0.05193988188479318,0.13462411265271768,1.9703439415143202,0.1277112483136677,0.6580746619041874,0.059335055580639826,5.373891129032257,1.1332319110211715,0.17658870967741935,0.0,7,0.11290322580645161,162,0.10138467594414986,0.8979785583624702,0.15964962425536972,0.9898569996238653,0.02784894813283983,0.07067994816777623,0.07067994816777623,0.004914665589963299,0.004914665589963299,0.03299746242625767,0.03299746242625767,-0.03728780237500384,0.03728780237500384,0.004301200458100118,0.004301200458100118,-0.02413488320238119,0.02413488320238119,-0.0468841181401041,0.0468841181401041,-0.0048821286695122645,0.0048821286695122645,-0.06307622229187815,0.06307622229187815,-0.034646393041561724,0.034646393041561724,-0.00396523240361488,0.00396523240361488,0.029295904147710872,0.025300376670665852
0,12347,add_frac_0.3000_nadd_600,5,2000,2600,600,0.3,1600,400,2080,520,480,120,0.0004462231115557779,0.0004462231115557779,1784,2951,1167,0.892,1.135,2600,2080,520,0.2,0.01,2,0.015,2.25,21.4115,21.675,7.5,100.0,1.3554616971472015,0.9983871743826688,9,0.04665946627008472,0.9805092639081097,9,-0.48159263071643654,0.9619312650002793,10,5.321819230769231,5.321819230769231,0.5393522724818733,1.9497980025077521,145.0,1309,1613,455.9342839429634,3532.0,0.030446373217606945,0.22,138.0,quantile_fallback,0.0,0.9952344826295746,31,0.17631151346550009,0.057075571310237064,0.15127599653705948,1.8048809882214985,0.2528152762128771,0.802947875744408,0.03767084322862785,5.373891129032257,0.9586500326071246,0.034245161290322575,0.06451612903225806,4,0.12903225806451613,162,0.11547456410493899,0.8949278718132772,0.1267848873973587,0.9923884668942651,0.049716507207863116,0.07067994816777623,0.07067994816777623,0.004914665589963299,0.004914665589963299,0.03299746242625767,0.03299746242625767,-0.03728780237500384,0.03728780237500384,0.004301200458100118,0.004301200458100118,0.004471526201880294,0.004471526201880294,0.14444273180912112,0.14444273180912112,-0.0009296326439811459,0.0009296326439811459,0.012121671459853545,0.012121671459853545,-0.022998092904973844,0.022998092904973844,-0.003775768505050743,0.003775768505050743,0.029295904147710872,0.04994796355166085
0,12347,add_frac_0.3000_nadd_600,6,2000,2600,600,0.3,1600,400,2080,520,480,120,0.0004462231115557779,0.0004462231115557779,1784,2951,1167,0.892,1.135,2600,2080,520,0.2,0.01,2,0.015,2.25,21.4115,21.675,7.5,100.0,1.3554616971472015,0.9983871743826688,9,0.04665946627008472,0.9805092639081097,9,-0.48159263071643654,0.9619312650002793,10,5.321819230769231,5.321819230769231,0.5393522724818733,1.9497980025077521,145.0,1309,1613,455.9342839429634,3532.0,0.030446373217606945,0.22,138.0,quantile_fallback,0.0,0.9952344826295746,15,0.17525268319939877,0.04832203897558463,0.11554626025773733,2.5103410758287357,0.26628281752743105,0.8941986202825364,0.018061408345230005,5.362953125,0.8899720562364284,0.00184,1.0,2,0.13333333333333333,162,0.13317255040425138,0.9987941280318854,0.10647437687485385,0.9931233511458991,0.09074208754489689,0.07067994816777623,0.07067994816777623,0.004914665589963299,0.004914665589963299,0.03299746242625767,0.03299746242625767,-0.03728780237500384,0.03728780237500384,0.004301200458100118,0.004301200458100118,0.03479450264681104,0.03479450264681104,-0.17738255335446118,0.17738255335446118,-0.003956142372256229,0.003956142372256229,0.06102007078880156,0.06102007078880156,-0.011408985245639353,0.011408985245639353,-0.008015616425343305,0.008015616425343305,0.029295904147710872,0.07204439945784281
0,12347,add_frac_0.3000_nadd_600,7,2000,2600,600,0.3,1600,400,2080,520,480,120,0.0004462231115557779,0.0004462231115557779,1784,2951,1167,0.892,1.135,2600,2080,520,0.2,0.01,2,0.015,2.25,21.4115,21.675,7.5,100.0,1.3554616971472015,0.9983871743826688,9,0.04665946627008472,0.9805092639081097,9,-0.48159263071643654,0.9619312650002793,10,5.321819230769231,5.321819230769231,0.5393522724818733,1.9497980025077521,145.0,1309,1613,455.9342839429634,3532.0,0.030446373217606945,0.22,138.0,quantile_fallback,0.0,0.9952344826295746,7,0.16176485769390364,0.04241610683903751,0.106708326592373,2.321482649724178,0.11702076915876707,0.9461140461256564,0.010800488071133927,5.371356026785714,0.7845708929476881,1.4285714285714287e-05,1.0,1,0.14285714285714285,162,0.14685265442254386,1.0279685809578072,0.083172276585123,0.9939225879044609,0.1761162937111791,0.07067994816777623,0.07067994816777623,0.004914665589963299,0.004914665589963299,0.03299746242625767,0.03299746242625767,-0.03728780237500384,0.03728780237500384,0.004301200458100118,0.004301200458100118,0.03182587048676104,0.03182587048676104,-0.051086823445704824,0.051086823445704824,0.0006862155155075902,0.0006862155155075902,0.10651075328790416,0.10651075328790416,-0.015117826558292191,0.015117826558292191,-0.018754183611812886,0.018754183611812886,0.029295904147710872,0.027866303149324482
1,22345,baseline,3,2000,2000,0,0.0,1600,400,1600,400,0,0,0.0004459729864932466,0.0,1783,1783,0,0.8915,0.8915,2000,1600,400,0.2,0.01,2,0.015,2.25,21.4115,21.675,7.5,100.0,1.2739959110966248,0.9969602998560061,9,0.008340039541166881,0.04703277142690976,9,-0.5571204778963206,0.9385493043206374,9,3.7629500000000005,3.76295,0.494811880920416,1.9568128437975167,80.0,1333,1651,243.38219261053908,2236.0,0.029145972138098122,0.26,75.0,quantile_fallback,0.0,0.9914945172669151,125,0.18599731955033974,0.06335615864151052,0.16444099545671023,2.5849591724664855,0.4434230219841971,0.39273130403798523,0.09628396886818234,3.76295,1.0740662515655242,0.5462336,0.0,13,0.104,166,0.10160211085434415,0.976943373599463,0.25802098316432465,0.9763202426818071,0.02032574267675585,0.0,0.0,0.0,0.0,0.0,0.0,0.0,0.0,0.0,0.0,0.0,0.0,0.0,0.0,0.0,0.0,0.0,0.0,0.0,0.0,0.0,0.0,0.0,0.0
1,22345,baseline,4,2000,2000,0,0.0,1600,400,1600,400,0,0,0.0004459729864932466,0.0,1783,1783,0,0.8915,0.8915,2000,1600,400,0.2,0.01,2,0.015,2.25,21.4115,21.675,7.5,100.0,1.2739959110966248,0.9969602998560061,9,0.008340039541166881,0.04703277142690976,9,-0.5571204778963206,0.9385493043206374,9,3.7629500000000005,3.76295,0.494811880920416,1.9568128437975167,80.0,1333,1651,243.38219261053908,2236.0,0.029145972138098122,0.26,75.0,quantile_fallback,0.0,0.9914945172669151,62,0.18958718735365832,0.06756575851578958,0.1681901563794611,1.9833233836619537,0.16949239498625285,0.5730524130283207,0.0758167248326652,3.755282258064516,0.8466618030401482,0.30512419354838705,0.0,7,0.11290322580645161,166,0.10961675999092924,0.9708913027768018,0.1938491222072462,0.984867075926116,0.0321202003712758,0.0,0.0,0.0,0.0,0.0,0.0,0.0,0.0,0.0,0.0,0.0,0.0,0.0,0.0,0.0,0.0,0.0,0.0,0.0,0.0,0.0,0.0,0.0,0.0
1,22345,baseline,5,2000,2000,0,0.0,1600,400,1600,400,0,0,0.0004459729864932466,0.0,1783,1783,0,0.8915,0.8915,2000,1600,400,0.2,0.01,2,0.015,2.25,21.4115,21.675,7.5,100.0,1.2739959110966248,0.9969602998560061,9,0.008340039541166881,0.04703277142690976,9,-0.5571204778963206,0.9385493043206374,9,3.7629500000000005,3.76295,0.494811880920416,1.9568128437975167,80.0,1333,1651,243.38219261053908,2236.0,0.029145972138098122,0.26,75.0,quantile_fallback,0.0,0.9914945172669151,31,0.19330479626919866,0.05645195973913995,0.12887448025081993,1.7803232945427319,0.12772699842450572,0.7415221260772694,0.055716481377845885,3.7552822580645158,0.7136996028290734,0.09998064516129032,0.0,4,0.12903225806451613,166,0.13783208610253458,1.068198667294643,0.15249914533273337,0.9885189708481021,0.05704870560058597,0.0,0.0,0.0,0.0,0.0,0.0,0.0,0.0,0.0,0.0,0.0,0.0,0.0,0.0,0.0,0.0,0.0,0.0,0.0,0.0,0.0,0.0,0.0,0.0
1,22345,baseline,6,2000,2000,0,0.0,1600,400,1600,400,0,0,0.0004459729864932466,0.0,1783,1783,0,0.8915,0.8915,2000,1600,400,0.2,0.01,2,0.015,2.25,21.4115,21.675,7.5,100.0,1.2739959110966248,0.9969602998560061,9,0.008340039541166881,0.04703277142690976,9,-0.5571204778963206,0.9385493043206374,9,3.7629500000000005,3.76295,0.494811880920416,1.9568128437975167,80.0,1333,1651,243.38219261053908,2236.0,0.029145972138098122,0.26,75.0,quantile_fallback,0.0,0.9914945172669151,15,0.19401689971641412,0.059582849375527915,0.14061530130791955,1.964448518650743,0.39921923253240776,0.8579393710055981,0.024583787264210132,3.6553124999999995,0.40160312924151087,0.01258,0.3333333333333333,2,0.13333333333333333,166,0.16102452557166425,1.2076839417874818,0.11281379773851011,0.9918711964968,0.09501690944808712,0.0,0.0,0.0,0.0,0.0,0.0,0.0,0.0,0.0,0.0,0.0,0.0,0.0,0.0,0.0,0.0,0.0,0.0,0.0,0.0,0.0,0.0,0.0,0.0
1,22345,baseline,7,2000,2000,0,0.0,1600,400,1600,400,0,0,0.0004459729864932466,0.0,1783,1783,0,0.8915,0.8915,2000,1600,400,0.2,0.01,2,0.015,2.25,21.4115,21.675,7.5,100.0,1.2739959110966248,0.9969602998560061,9,0.008340039541166881,0.04703277142690976,9,-0.5571204778963206,0.9385493043206374,9,3.7629500000000005,3.76295,0.494811880920416,1.9568128437975167,80.0,1333,1651,243.38219261053908,2236.0,0.029145972138098122,0.26,75.0,quantile_fallback,0.0,0.9914945172669151,7,0.1962207470788623,0.06517947844696022,0.15012260877724143,2.178736862045405,0.18802258433203348,0.928756873910811,0.013480784179040108,3.671467633928571,0.4130643924500775,0.00017142857142857145,1.0,1,0.14285714285714285,166,0.15991072920865573,1.1193751044605902,0.08790584770114182,0.9926666841761053,0.18243973464141156,0.0,0.0,0.0,0.0,0.0,0.0,0.0,0.0,0.0,0.0,0.0,0.0,0.0,0.0,0.0,0.0,0.0,0.0,0.0,0.0,0.0,0.0,0.0,0.0
1,22346,add_frac_0.1000_nadd_200,3,2000,2200,200,0.1,1600,400,1760,440,160,40,0.0004344672336168084,0.0004344672336168084,1737,2097,360,0.8685,0.9531818181818181,2200,1760,440,0.2,0.01,2,0.015,2.25,21.4115,21.675,7.5,100.0,1.2878862541276805,0.9979890127939552,9,0.03666182849724949,0.58308311959604,9,-0.44318802881654823,0.951699836933363,10,3.8845590909090904,3.8845590909090912,0.4780945822388241,1.9729269334302557,90.0,1382,1687,272.86366330764673,1560.0,0.02903971547125074,0.17,85.0,quantile_fallback,0.0,0.9927032370611113,125,0.17799393037874886,0.058506126868846396,0.1592951596324611,2.5295836262544236,0.5069950370146378,0.40783433174371697,0.09506254551466731,3.9150500000000004,1.105296366004896,0.5328943999999999,0.0,13,0.104,169,0.10021838757176182,0.9636383420361714,0.25747195293415853,0.9765253323941148,0.01903607870344035,0.01389034303105574,0.01389034303105574,0.02832178895608261,0.02832178895608261,0.11393244907977235,0.11393244907977235,0.01611408963273897,0.01611408963273897,0.0012087197941962335,0.0012087197941962335,-0.005145835824249129,0.005145835824249129,0.06357201503044069,0.06357201503044069,-0.001221423353515036,0.001221423353515036,-0.013305031563291658,0.013305031563291658,-0.0005490302301661143,0.0005490302301661143,-0.001289663973315501,0.001289663973315501,0.014883735353518389,0.02331309140273495
1,22346,add_frac_0.1000_nadd_200,4,2000,2200,200,0.1,1600,400,1760,440,160,40,0.0004344672336168084,0.0004344672336168084,1737,2097,360,0.8685,0.9531818181818181,2200,1760,440,0.2,0.01,2,0.015,2.25,21.4115,21.675,7.5,100.0,1.2878862541276805,0.9979890127939552,9,0.03666182849724949,0.58308311959604,9,-0.44318802881654823,0.951699836933363,10,3.8845590909090904,3.8845590909090912,0.4780945822388241,1.9729269334302557,90.0,1382,1687,272.86366330764673,1560.0,0.02903971547125074,0.17,85.0,quantile_fallback,0.0,0.9927032370611113,62,0.17027453363553235,0.052268322499443694,0.1378471040485052,1.9536544826756896,0.12383532969081533,0.594279516587937,0.06718521368226375,3.91422379032258,0.8367615618819886,0.2870612903225806,0.0,7,0.11290322580645161,169,0.10791432882856596,0.9558126267672985,0.1931797238618343,0.985067321710652,0.031082375166884897,0.01389034303105574,0.01389034303105574,0.02832178895608261,0.02832178895608261,0.11393244907977235,0.11393244907977235,0.01611408963273897,0.01611408963273897,0.0012087197941962335,0.0012087197941962335,-0.03034305233095591,0.03034305233095591,-0.04565706529543752,0.04565706529543752,-0.00863151115040145,0.00863151115040145,-0.0150786760095033,0.0150786760095033,-0.000669398345411909,0.000669398345411909,-0.0010378252043909061,0.0010378252043909061,0.014883735353518389,0.028210542925598294
1,22346,add_frac_0.1000_nadd_200,5,2000,2200,200,0.1,1600,400,1760,440,160,40,0.0004344672336168084,0.0004344672336168084,1737,2097,360,0.8685,0.9531818181818181,2200,1760,440,0.2,0.01,2,0.015,2.25,21.4115,21.675,7.5,100.0,1.2878862541276805,0.9979890127939552,9,0.03666182849724949,0.58308311959604,9,-0.44318802881654823,0.951699836933363,10,3.8845590909090904,3.8845590909090912,0.4780945822388241,1.9729269334302557,90.0,1382,1687,272.86366330764673,1560.0,0.02903971547125074,0.17,85.0,quantile_fallback,0.0,0.9927032370611113,31,0.16595289426776108,0.05966709605508667,0.1524540075853318,1.7862482741576777,0.07473589107644531,0.7557717046905137,0.04445988530439238,3.914223790322581,0.6776026651964264,0.08717096774193547,0.0,4,0.12903225806451613,169,0.1160846040334481,0.8996556812592228,0.15005324403368145,0.9892033858350534,0.052138290730712446,0.01389034303105574,0.01389034303105574,0.02832178895608261,0.02832178895608261,0.11393244907977235,0.11393244907977235,0.01611408963273897,0.01611408963273897,0.0012087197941962335,0.0012087197941962335,0.02357952733451188,0.02357952733451188,-0.05299110734806041,0.05299110734806041,-0.011256596073453508,0.011256596073453508,-0.16854298603542028,0.16854298603542028,-0.0024459012990519224,0.0024459012990519224,-0.004910414869873522,0.004910414869873522,0.014883735353518389,0.029275743585341935
1,22346,add_frac_0.1000_nadd_200,6,2000,2200,200,0.1,1600,400,1760,440,160,40,0.0004344672336168084,0.0004344672336168084,1737,2097,360,0.8685,0.9531818181818181,2200,1760,440,0.2,0.01,2,0.015,2.25,21.4115,21.675,7.5,100.0,1.2878862541276805,0.9979890127939552,9,0.03666182849724949,0.58308311959604,9,-0.44318802881654823,0.951699836933363,10,3.8845590909090904,3.8845590909090912,0.4780945822388241,1.9729269334302557,90.0,1382,1687,272.86366330764673,1560.0,0.02903971547125074,0.17,85.0,quantile_fallback,0.0,0.9927032370611113,15,0.1584289948808262,0.06079711732366033,0.17976616960834674,2.2859694299104776,0.44101020031771654,0.869273354913444,0.020215734346368416,3.9327552083333335,0.3826517160373978,0.008053333333333334,0.7333333333333333,2,0.13333333333333333,169,0.11913515181119366,0.8935136385839525,0.10216328117104699,0.9933958479120862,0.09004078225821077,0.01389034303105574,0.01389034303105574,0.02832178895608261,0.02832178895608261,0.11393244907977235,0.11393244907977235,0.01611408963273897,0.01611408963273897,0.0012087197941962335,0.0012087197941962335,0.03915086830042719,0.03915086830042719,0.041790967785308775,0.041790967785308775,-0.0043680529178417166,0.0043680529178417166,-0.31417030320352934,0.31417030320352934,-0.010650516567463117,0.010650516567463117,-0.004976127189876348,0.004976127189876348,0.014883735353518389,0.028436629667859228
1,22346,add_frac_0.1000_nadd_200,7,2000,2200,200,0.1,1600,400,1760,440,160,40,0.0004344672336168084,0.0004344672336168084,1737,2097,360,0.8685,0.9531818181818181,2200,1760,440,0.2,0.01,2,0.015,2.25,21.4115,21.675,7.5,100.0,1.2878862541276805,0.9979890127939552,9,0.03666182849724949,0.58308311959604,9,-0.44318802881654823,0.951699836933363,10,3.8845590909090904,3.8845590909090912,0.4780945822388241,1.9729269334302557,90.0,1382,1687,272.86366330764673,1560.0,0.02903971547125074,0.17,85.0,quantile_fallback,0.0,0.9927032370611113,7,0.16157187839243167,0.05379345474644336,0.13257513868289714,2.2184557882021503,0.1091230318206981,0.933264401259391,0.013273010256102112,3.938906249999999,0.4003852222704592,0.00014285714285714287,1.0,1,0.14285714285714285,169,0.15524273001383887,1.0866991100968721,0.0809116118696281,0.9938954315517566,0.17573228359358478,0.01389034303105574,0.01389034303105574,0.02832178895608261,0.02832178895608261,0.11393244907977235,0.11393244907977235,0.01611408963273897,0.01611408963273897,0.0012087197941962335,0.0012087197941962335,-0.017547470094344292,0.017547470094344292,-0.07889955251133537,0.07889955251133537,-0.0002077739229379965,0.0002077739229379965,-0.03267599436371804,0.03267599436371804,-0.00699423583151372,0.00699423583151372,-0.0067074510478267735,0.0067074510478267735,0.014883735353518389,0.03221826550953922
1,22347,add_frac_0.3000_nadd_600,3,2000,2600,600,0.3,1600,400,2080,520,480,120,0.00044922461230615307,0.00044922461230615307,1796,3006,1210,0.898,1.156153846153846,2600,2080,520,0.2,0.01,2,0.015,2.25,21.4115,21.675,7.5,100.0,1.3637232537306516,0.9988889930325404,9,0.036016834416034885,0.8212826345638218,9,-0.41440954401366903,0.9834614803077606,10,5.91055,5.91055,0.5369451443420867,2.033759674546312,161.0,1395,1719,453.8202443280977,3408.0,0.02743455497382199,0.2,154.0,quantile_fallback,0.0,0.9957815702266539,125,0.18324154586838845,0.0549802109095496,0.13648808415268188,2.358748111241148,0.30252652644806804,0.47954603232621895,0.1043965232889942,5.910064999999999,2.084492956569511,0.38481119999999996,0.0,13,0.104,172,0.1015652035785807,0.9765884959478914,0.23321925755947495,0.9811527630939838,0.01983630175532227,0.08972734263402682,0.08972734263402682,0.027676794874868002,0.027676794874868002,0.14271093388265155,0.14271093388265155,0.07694683074879527,0.07694683074879527,0.004287052959738857,0.004287052959738857,-0.027952911304028355,0.027952911304028355,-0.14089649553612904,0.14089649553612904,0.008112554420811852,0.008112554420811852,-0.00035487765157160567,0.00035487765157160567,-0.024801725604849695,0.024801725604849695,-0.0004894409214335795,0.0004894409214335795,0.04965950530435724,0.058987320420323085
1,22347,add_frac_0.3000_nadd_600,4,2000,2600,600,0.3,1600,400,2080,520,480,120,0.00044922461230615307,0.00044922461230615307,1796,3006,1210,0.898,1.156153846153846,2600,2080,520,0.2,0.01,2,0.015,2.25,21.4115,21.675,7.5,100.0,1.3637232537306516,0.9988889930325404,9,0.036016834416034885,0.8212826345638218,9,-0.41440954401366903,0.9834614803077606,10,5.91055,5.91055,0.5369451443420867,2.033759674546312,161.0,1395,1719,453.8202443280977,3408.0,0.02743455497382199,0.2,154.0,quantile_fallback,0.0,0.9957815702266539,62,0.1844242983581514,0.05545112414918704,0.1373602714876608,2.0450401672394882,0.25926948270371103,0.6620576985509564,0.07329341565881682,5.847535282258064,1.6029452353682503,0.15666290322580648,0.03225806451612903,7,0.11290322580645161,172,0.11871808498347929,1.0515030384251023,0.17423109554831392,0.987588359717411,0.034829922758417516,0.08972734263402682,0.08972734263402682,0.027676794874868002,0.027676794874868002,0.14271093388265155,0.14271093388265155,0.07694683074879527,0.07694683074879527,0.004287052959738857,0.004287052959738857,-0.030829884891800302,0.030829884891800302,0.08977708771745818,0.08977708771745818,-0.0025233091738483815,0.0025233091738483815,0.08061173564830049,0.08061173564830049,-0.01961802665893228,0.01961802665893228,0.0027097223871417123,0.0027097223871417123,0.04965950530435724,0.041043427261035624
1,22347,add_frac_0.3000_nadd_600,5,2000,2600,600,0.3,1600,400,2080,520,480,120,0.00044922461230615307,0.00044922461230615307,1796,3006,1210,0.898,1.156153846153846,2600,2080,520,0.2,0.01,2,0.015,2.25,21.4115,21.675,7.5,100.0,1.3637232537306516,0.9988889930325404,9,0.036016834416034885,0.8212826345638218,9,-0.41440954401366903,0.9834614803077606,10,5.91055,5.91055,0.5369451443420867,2.033759674546312,161.0,1395,1719,453.8202443280977,3408.0,0.02743455497382199,0.2,154.0,quantile_fallback,0.0,0.9957815702266539,31,0.187304442697294,0.06604824969422797,0.16713192331718918,1.928206410525701,0.5080451246071435,0.8103076281707317,0.034982237765691655,5.847535282258064,1.2965376002555526,0.0258,0.12903225806451613,4,0.12903225806451613,172,0.12556320617389496,0.973114847847686,0.12922634280732218,0.9910503678009427,0.06253816836168838,0.08972734263402682,0.08972734263402682,0.027676794874868002,0.027676794874868002,0.14271093388265155,0.14271093388265155,0.07694683074879527,0.07694683074879527,0.004287052959738857,0.004287052959738857,0.038257443066369246,0.038257443066369246,0.3803181261826377,0.3803181261826377,-0.02073424361215423,0.02073424361215423,-0.0950838194469571,0.0950838194469571,-0.023272802525411196,0.023272802525411196,0.005489462761102411,0.005489462761102411,0.04965950530435724,0.14643660428705374
1,22347,add_frac_0.3000_nadd_600,6,2000,2600,600,0.3,1600,400,2080,520,480,120,0.00044922461230615307,0.00044922461230615307,1796,3006,1210,0.898,1.156153846153846,2600,2080,520,0.2,0.01,2,0.015,2.25,21.4115,21.675,7.5,100.0,1.3637232537306516,0.9988889930325404,9,0.036016834416034885,0.8212826345638218,9,-0.41440954401366903,0.9834614803077606,10,5.91055,5.91055,0.5369451443420867,2.033759674546312,161.0,1395,1719,453.8202443280977,3408.0,0.02743455497382199,0.2,154.0,quantile_fallback,0.0,0.9957815702266539,15,0.1843552630684032,0.05798754891397343,0.15801824631004494,2.5944829249683563,0.27644216812448874,0.8998362615231151,0.007723971058060613,5.660401041666665,0.5234381070647688,0.0007600000000000002,1.0,2,0.13333333333333333,172,0.13784095180002834,1.0338071385002126,0.07658497620461606,0.9962991528473946,0.08336352411984697,0.08972734263402682,0.08972734263402682,0.027676794874868002,0.027676794874868002,0.14271093388265155,0.14271093388265155,0.07694683074879527,0.07694683074879527,0.004287052959738857,0.004287052959738857,0.017402945002125386,0.017402945002125386,-0.12277706440791902,0.12277706440791902,-0.01685981620614952,0.01685981620614952,-0.1738768032872693,0.1738768032872693,-0.03622882153389405,0.03622882153389405,-0.011653385328240146,0.011653385328240146,0.04965950530435724,0.052346608538731305
1,22347,add_frac_0.3000_nadd_600,7,2000,2600,600,0.3,1600,400,2080,520,480,120,0.00044922461230615307,0.00044922461230615307,1796,3006,1210,0.898,1.156153846153846,2600,2080,520,0.2,0.01,2,0.015,2.25,21.4115,21.675,7.5,100.0,1.3637232537306516,0.9988889930325404,9,0.036016834416034885,0.8212826345638218,9,-0.41440954401366903,0.9834614803077606,10,5.91055,5.91055,0.5369451443420867,2.033759674546312,161.0,1395,1719,453.8202443280977,3408.0,0.02743455497382199,0.2,154.0,quantile_fallback,0.0,0.9957815702266539,7,0.1800068363371484,0.03795735344956629,0.0878264341843981,2.4331318072572894,0.20399153589911112,0.9511404815038259,0.00536708399800974,5.721953125,0.39034261277329135,0.0,1.0,1,0.14285714285714285,172,0.13053709041708336,0.9137596329195836,0.05303490046100125,0.9973728068259458,0.1651547161986208,0.08972734263402682,0.08972734263402682,0.027676794874868002,0.027676794874868002,0.14271093388265155,0.14271093388265155,0.07694683074879527,0.07694683074879527,0.004287052959738857,0.004287052959738857,-0.062296174592843326,0.062296174592843326,0.015968951567077644,0.015968951567077644,-0.00811370018103037,0.00811370018103037,-0.20561547154100657,0.20561547154100657,-0.03487094724014057,0.03487094724014057,-0.01728501844279076,0.01728501844279076,0.04965950530435724,0.02879294211365045
2,32345,baseline,3,2000,2000,0,0.0,1600,400,1600,400,0,0,0.0004427213606803402,0.0,1770,1770,0,0.885,0.885,2000,1600,400,0.2,0.01,2,0.015,2.25,21.4115,21.675,7.5,100.0,1.2665156514020626,0.9973752760711333,9,0.04992965008522123,0.9695735136666539,9,-0.5451010512827184,0.9634768538754749,9,3.812755,3.812755,0.5013138338157046,2.013804016526662,82.0,1399,1734,235.0121107266436,1506.0,0.02779123414071511,0.17,76.0,quantile_fallback,0.0,0.9907789973693092,125,0.16962423013057204,0.05380890806416634,0.1468035970530668,2.6667253110448277,0.4574711338126625,0.3858575259687303,0.09948053687509689,3.8127549999999997,1.5815209192241335,0.547928,0.008,13,0.104,174,0.10514594631351683,1.0110187145530465,0.28174967511381943,0.9708272116501527,0.03141964410505496,0.0,0.0,0.0,0.0,0.0,0.0,0.0,0.0,0.0,0.0,0.0,0.0,0.0,0.0,0.0,0.0,0.0,0.0,0.0,0.0,0.0,0.0,0.0,0.0
2,32345,baseline,4,2000,2000,0,0.0,1600,400,1600,400,0,0,0.0004427213606803402,0.0,1770,1770,0,0.885,0.885,2000,1600,400,0.2,0.01,2,0.015,2.25,21.4115,21.675,7.5,100.0,1.2665156514020626,0.9973752760711333,9,0.04992965008522123,0.9695735136666539,9,-0.5451010512827184,0.9634768538754749,9,3.812755,3.812755,0.5013138338157046,2.013804016526662,82.0,1399,1734,235.0121107266436,1506.0,0.02779123414071511,0.17,76.0,quantile_fallback,0.0,0.9907789973693092,62,0.17460497980961576,0.04897134694753662,0.12962371560166744,1.9762990165916066,0.18214588269775522,0.5786498456089001,0.07640251613161246,3.7143649193548383,0.9486087286148577,0.30785967741935494,0.0,7,0.11290322580645161,174,0.11516326566420437,1.020017495882953,0.21009009463097383,0.9818391940581456,0.037218435385231396,0.0,0.0,0.0,0.0,0.0,0.0,0.0,0.0,0.0,0.0,0.0,0.0,0.0,0.0,0.0,0.0,0.0,0.0,0.0,0.0,0.0,0.0,0.0,0.0
2,32345,baseline,5,2000,2000,0,0.0,1600,400,1600,400,0,0,0.0004427213606803402,0.0,1770,1770,0,0.885,0.885,2000,1600,400,0.2,0.01,2,0.015,2.25,21.4115,21.675,7.5,100.0,1.2665156514020626,0.9973752760711333,9,0.04992965008522123,0.9695735136666539,9,-0.5451010512827184,0.9634768538754749,9,3.812755,3.812755,0.5013138338157046,2.013804016526662,82.0,1399,1734,235.0121107266436,1506.0,0.02779123414071511,0.17,76.0,quantile_fallback,0.0,0.9907789973693092,31,0.171754286382341,0.04491436446449622,0.11635735082109563,1.7833762488825855,0.10855103169005398,0.7415601198800776,0.05213434826416735,3.7143649193548383,0.8904256574568667,0.10324838709677418,0.03225806451612903,4,0.12903225806451613,174,0.11618093450072815,0.9004022423806433,0.17100007038672785,0.9850404259081809,0.06597692379875075,0.0,0.0,0.0,0.0,0.0,0.0,0.0,0.0,0.0,0.0,0.0,0.0,0.0,0.0,0.0,0.0,0.0,0.0,0.0,0.0,0.0,0.0,0.0,0.0
2,32345,baseline,6,2000,2000,0,0.0,1600,400,1600,400,0,0,0.0004427213606803402,0.0,1770,1770,0,0.885,0.885,2000,1600,400,0.2,0.01,2,0.015,2.25,21.4115,21.675,7.5,100.0,1.2665156514020626,0.9973752760711333,9,0.04992965008522123,0.9695735136666539,9,-0.5451010512827184,0.9634768538754749,9,3.812755,3.812755,0.5013138338157046,2.013804016526662,82.0,1399,1734,235.0121107266436,1506.0,0.02779123414071511,0.17,76.0,quantile_fallback,0.0,0.9907789973693092,15,0.17085674284964972,0.04130652171558082,0.11726329440275476,2.061546622325749,0.47174326407435424,0.8518789391903845,0.023290863254822824,3.618192708333333,0.5961797821232595,0.01284,0.4,2,0.13333333333333333,174,0.12887519317779805,0.9665639488334854,0.12339874709679408,0.9898262263740627,0.10556858156738577,0.0,0.0,0.0,0.0,0.0,0.0,0.0,0.0,0.0,0.0,0.0,0.0,0.0,0.0,0.0,0.0,0.0,0.0,0.0,0.0,0.0,0.0,0.0,0.0
2,32345,baseline,7,2000,2000,0,0.0,1600,400,1600,400,0,0,0.0004427213606803402,0.0,1770,1770,0,0.885,0.885,2000,1600,400,0.2,0.01,2,0.015,2.25,21.4115,21.675,7.5,100.0,1.2665156514020626,0.9973752760711333,9,0.04992965008522123,0.9695735136666539,9,-0.5451010512827184,0.9634768538754749,9,3.812755,3.812755,0.5013138338157046,2.013804016526662,82.0,1399,1734,235.0121107266436,1506.0,0.02779123414071511,0.17,76.0,quantile_fallback,0.0,0.9907789973693092,7,0.16409708366532172,0.03714493549159263,0.09920364102251525,2.2883128801290096,0.26266950404194556,0.9241148063626335,0.011077949671719614,3.4941127232142857,0.33876055502446784,0.00022857142857142862,1.0,1,0.14285714285714285,174,0.13383616000663068,0.9368531200464147,0.0811435361829241,0.9938137425192786,0.17562303077541644,0.0,0.0,0.0,0.0,0.0,0.0,0.0,0.0,0.0,0.0,0.0,0.0,0.0,0.0,0.0,0.0,0.0,0.0,0.0,0.0,0.0,0.0,0.0,0.0
2,32346,add_frac_0.1000_nadd_200,3,2000,2200,200,0.1,1600,400,1760,440,160,40,0.00044922461230615307,0.00044922461230615307,1796,2183,387,0.898,0.9922727272727273,2200,1760,440,0.2,0.01,2,0.015,2.25,21.4115,21.675,7.5,100.0,1.3285157621983499,0.9984047217786292,9,0.09813794038870009,0.9743893599607566,9,-0.5262623348734417,0.9096215097693066,10,4.599495454545455,4.599495454545455,0.5029015331508291,1.9705374347018147,106.0,1343,1632,329.4117647058824,2134.0,0.02988357843137255,0.19,101.0,quantile_fallback,0.0,0.9943292194249834,125,0.1918212344555063,0.06740212464743757,0.17189532554099554,2.454260471280777,0.40822344126095844,0.4264132432144282,0.09404781122369278,4.6544799999999995,1.576517022019022,0.47478000000000004,0.0,13,0.104,164,0.1163168805126885,1.1184315433912357,0.24377526861969223,0.9790383710053009,0.020779036273615974,0.06200011079628731,0.06200011079628731,0.04820829030347886,0.04820829030347886,0.0188387164092767,0.0188387164092767,-0.04326658182484744,0.04326658182484744,0.0035502220556742348,0.0035502220556742348,0.025091728487928733,0.025091728487928733,-0.04924769255170408,0.04924769255170408,-0.005432725651404111,0.005432725651404111,0.10741282883818926,0.10741282883818926,-0.0379744064941272,0.0379744064941272,-0.010640607831438987,0.010640607831438987,0.03925630124507196,0.026590715563678976
2,32346,add_frac_0.1000_nadd_200,4,2000,2200,200,0.1,1600,400,1760,440,160,40,0.00044922461230615307,0.00044922461230615307,1796,2183,387,0.898,0.9922727272727273,2200,1760,440,0.2,0.01,2,0.015,2.25,21.4115,21.675,7.5,100.0,1.3285157621983499,0.9984047217786292,9,0.09813794038870009,0.9743893599607566,9,-0.5262623348734417,0.9096215097693066,10,4.599495454545455,4.599495454545455,0.5029015331508291,1.9705374347018147,106.0,1343,1632,329.4117647058824,2134.0,0.02988357843137255,0.19,101.0,quantile_fallback,0.0,0.9943292194249834,62,0.1937920072547661,0.07319229998247226,0.17800292543276572,1.9880150402622827,0.17377568421486653,0.617165630322096,0.07886247023588049,4.671985887096773,1.2939858521466754,0.22935322580645162,0.0,7,0.11290322580645161,164,0.13500755030133185,1.1957811598117964,0.1898722262854315,0.9854181539721314,0.03400236608717506,0.06200011079628731,0.06200011079628731,0.04820829030347886,0.04820829030347886,0.0188387164092767,0.0188387164092767,-0.04326658182484744,0.04326658182484744,0.0035502220556742348,0.0035502220556742348,0.04837920983109828,0.04837920983109828,-0.008370198482888697,0.008370198482888697,0.002459954104268025,0.002459954104268025,0.17576366392884335,0.17576366392884335,-0.020217868345542345,0.020217868345542345,-0.0032160692980563385,0.0032160692980563385,0.03925630124507196,0.019736454139418335
2,32346,add_frac_0.1000_nadd_200,5,2000,2200,200,0.1,1600,400,1760,440,160,40,0.00044922461230615307,0.00044922461230615307,1796,2183,387,0.898,0.9922727272727273,2200,1760,440,0.2,0.01,2,0.015,2.25,21.4115,21.675,7.5,100.0,1.3285157621983499,0.9984047217786292,9,0.09813794038870009,0.9743893599607566,9,-0.5262623348734417,0.9096215097693066,10,4.599495454545455,4.599495454545455,0.5029015331508291,1.9705374347018147,106.0,1343,1632,329.4117647058824,2134.0,0.02988357843137255,0.19,101.0,quantile_fallback,0.0,0.9943292194249834,31,0.20357283104504664,0.07346135465269106,0.1724941378387908,1.8383230193374536,0.269501299570917,0.7770942414855069,0.056559050876670756,4.671985887096774,1.1284437808442023,0.0567,0.0967741935483871,4,0.12903225806451613,164,0.13957854354007102,1.0817337124355504,0.1523843420605642,0.9882883622785434,0.060794763668437606,0.06200011079628731,0.06200011079628731,0.04820829030347886,0.04820829030347886,0.0188387164092767,0.0188387164092767,-0.04326658182484744,0.04326658182484744,0.0035502220556742348,0.0035502220556742348,0.05613678701769517,0.05613678701769517,0.16095026788086303,0.16095026788086303,0.004424702612503405,0.004424702612503405,0.18133147005490713,0.18133147005490713,-0.01861572832616365,0.01861572832616365,-0.005182160130313147,0.005182160130313147,0.03925630124507196,0.07383725250368721
2,32346,add_frac_0.1000_nadd_200,6,2000,2200,200,0.1,1600,400,1760,440,160,40,0.00044922461230615307,0.00044922461230615307,1796,2183,387,0.898,0.9922727272727273,2200,1760,440,0.2,0.01,2,0.015,2.25,21.4115,21.675,7.5,100.0,1.3285157621983499,0.9984047217786292,9,0.09813794038870009,0.9743893599607566,9,-0.5262623348734417,0.9096215097693066,10,4.599495454545455,4.599495454545455,0.5029015331508291,1.9705374347018147,106.0,1343,1632,329.4117647058824,2134.0,0.02988357843137255,0.19,101.0,quantile_fallback,0.0,0.9943292194249834,15,0.2198370540903673,0.07044203828003615,0.14626022038243003,2.492687200987855,0.35883976435490733,0.8798529251692185,0.028949774758933955,4.541901041666667,0.8303199651205382,0.00434,0.9333333333333333,2,0.13333333333333333,164,0.16347084748211835,1.2260313561158875,0.1146592341527247,0.9912260131400034,0.1034564149561087,0.06200011079628731,0.06200011079628731,0.04820829030347886,0.04820829030347886,0.0188387164092767,0.0188387164092767,-0.04326658182484744,0.04326658182484744,0.0035502220556742348,0.0035502220556742348,0.028996925979675264,0.028996925979675264,-0.11290349971944691,0.11290349971944691,0.00565891150411113,0.00565891150411113,0.25946740728240214,0.25946740728240214,-0.00873951294406937,0.00873951294406937,-0.0021121666112770693,0.0021121666112770693,0.03925630124507196,0.049186445734411104
2,32346,add_frac_0.1000_nadd_200,7,2000,2200,200,0.1,1600,400,1760,440,160,40,0.00044922461230615307,0.00044922461230615307,1796,2183,387,0.898,0.9922727272727273,2200,1760,440,0.2,0.01,2,0.015,2.25,21.4115,21.675,7.5,100.0,1.3285157621983499,0.9984047217786292,9,0.09813794038870009,0.9743893599607566,9,-0.5262623348734417,0.9096215097693066,10,4.599495454545455,4.599495454545455,0.5029015331508291,1.9705374347018147,106.0,1343,1632,329.4117647058824,2134.0,0.02988357843137255,0.19,101.0,quantile_fallback,0.0,0.9943292194249834,7,0.22491114542171461,0.07738941721047059,0.14790398982548203,2.275364361408005,0.18910052127864524,0.9411674690277706,0.014504419255740086,4.5049665178571425,0.7538547003872461,2.8571428571428574e-05,1.0,1,0.14285714285714285,164,0.19080708014460773,1.3356495610122543,0.08909359705431484,0.9920977396146529,0.19195501550908273,0.06200011079628731,0.06200011079628731,0.04820829030347886,0.04820829030347886,0.0188387164092767,0.0188387164092767,-0.04326658182484744,0.04326658182484744,0.0035502220556742348,0.0035502220556742348,0.04870034880296678,0.04870034880296678,-0.07356898276330032,0.07356898276330032,0.0034264695840204723,0.0034264695840204723,0.39879644096583955,0.39879644096583955,0.007950060871390746,0.007950060871390746,0.016331984733666288,0.016331984733666288,0.03925630124507196,0.041898600383429185
2,32347,add_frac_0.3000_nadd_600,3,2000,2600,600,0.3,1600,400,2080,520,480,120,0.0004372186093046523,0.0004372186093046523,1748,3015,1267,0.874,1.1596153846153847,2600,2080,520,0.2,0.01,2,0.015,2.25,21.4115,21.675,7.5,100.0,1.3490214536493423,0.9983788748524871,9,0.013966477637517736,0.16193471378358082,9,-0.5010480929514256,0.9577251020584435,10,5.106923076923077,5.106923076923077,0.530652997306428,1.965883621333798,139.0,1308,1594,430.76537013801754,2830.0,0.02984943538268507,0.19,133.0,quantile_fallback,0.0,0.9951285466327767,125,0.19337615698989738,0.0569769590848121,0.1370807869460021,2.266818932575153,0.27422166932693903,0.45190390909643186,0.08376515440431083,5.146015,1.2763088575256332,0.43340480000000003,0.0,13,0.104,160,0.08815474152687436,0.847641745450715,0.2091088965062299,0.984923834943217,0.01668982972146437,0.08250580224727977,0.08250580224727977,-0.035963172447703494,0.035963172447703494,0.044052958331292746,0.044052958331292746,-0.047920395192864174,0.047920395192864174,0.004349549263467534,0.004349549263467534,-0.009722810107064717,0.009722810107064717,-0.1832494644857235,0.1832494644857235,-0.015715382470786063,0.015715382470786063,-0.16337696910233146,0.16337696910233146,-0.07264077860758952,0.07264077860758952,-0.01472981438359059,0.01472981438359059,0.042684729787828744,0.06956255235452476
2,32347,add_frac_0.3000_nadd_600,4,2000,2600,600,0.3,1600,400,2080,520,480,120,0.0004372186093046523,0.0004372186093046523,1748,3015,1267,0.874,1.1596153846153847,2600,2080,520,0.2,0.01,2,0.015,2.25,21.4115,21.675,7.5,100.0,1.3490214536493423,0.9983788748524871,9,0.013966477637517736,0.16193471378358082,9,-0.5010480929514256,0.9577251020584435,10,5.106923076923077,5.106923076923077,0.530652997306428,1.965883621333798,139.0,1308,1594,430.76537013801754,2830.0,0.02984943538268507,0.19,133.0,quantile_fallback,0.0,0.9951285466327767,62,0.19209568013597159,0.055369086846159134,0.14696104932770332,1.9819655521633193,0.1164625641637791,0.6362063666553083,0.0583770573082911,5.13920866935484,0.9183629992990241,0.19171451612903223,0.0,7,0.11290322580645161,160,0.10670515126109578,0.9451027683125627,0.15154267030258786,0.9908453087907155,0.027893248212484838,0.08250580224727977,0.08250580224727977,-0.035963172447703494,0.035963172447703494,0.044052958331292746,0.044052958331292746,-0.047920395192864174,0.047920395192864174,0.004349549263467534,0.004349549263467534,0.01733733372603588,0.01733733372603588,-0.06568331853397612,0.06568331853397612,-0.018025458823321364,0.018025458823321364,-0.07491472757039042,0.07491472757039042,-0.05854742432838597,0.05854742432838597,-0.009325187172746559,0.009325187172746559,0.042684729787828744,0.033682037027777785
2,32347,add_frac_0.3000_nadd_600,5,2000,2600,600,0.3,1600,400,2080,520,480,120,0.0004372186093046523,0.0004372186093046523,1748,3015,1267,0.874,1.1596153846153847,2600,2080,520,0.2,0.01,2,0.015,2.25,21.4115,21.675,7.5,100.0,1.3490214536493423,0.9983788748524871,9,0.013966477637517736,0.16193471378358082,9,-0.5010480929514256,0.9577251020584435,10,5.106923076923077,5.106923076923077,0.530652997306428,1.965883621333798,139.0,1308,1594,430.76537013801754,2830.0,0.02984943538268507,0.19,133.0,quantile_fallback,0.0,0.9951285466327767,31,0.19779487104922489,0.05399322538923471,0.1292227609658217,1.773616588522356,0.05789223566982172,0.7918435253343147,0.025981996272693094,5.139208669354838,0.6814612893094404,0.037683870967741936,0.0,4,0.12903225806451613,160,0.12410001727966823,0.9617751339174287,0.11249358396293338,0.9937816226672288,0.04926614678599482,0.08250580224727977,0.08250580224727977,-0.035963172447703494,0.035963172447703494,0.044052958331292746,0.044052958331292746,-0.047920395192864174,0.047920395192864174,0.004349549263467534,0.004349549263467534,0.012865410144726058,0.012865410144726058,-0.05065879602023226,0.05065879602023226,-0.026152351991474258,0.026152351991474258,0.06137289153678549,0.06137289153678549,-0.05850648642379447,0.05850648642379447,-0.01671077701275593,0.01671077701275593,0.042684729787828744,0.029892186052144193
2,32347,add_frac_0.3000_nadd_600,6,2000,2600,600,0.3,1600,400,2080,520,480,120,0.0004372186093046523,0.0004372186093046523,1748,3015,1267,0.874,1.1596153846153847,2600,2080,520,0.2,0.01,2,0.015,2.25,21.4115,21.675,7.5,100.0,1.3490214536493423,0.9983788748524871,9,0.013966477637517736,0.16193471378358082,9,-0.5010480929514256,0.9577251020584435,10,5.106923076923077,5.106923076923077,0.530652997306428,1.965883621333798,139.0,1308,1594,430.76537013801754,2830.0,0.02984943538268507,0.19,133.0,quantile_fallback,0.0,0.9951285466327767,15,0.20180959931400885,0.04995688549666166,0.12550886684308502,2.5054968577317154,0.25404599600115685,0.8906392048990465,0.018634665672598978,5.160770833333333,0.6165386188804098,0.0016666666666666668,1.0,2,0.13333333333333333,160,0.1256776964578626,0.9425827234339694,0.09034877788918062,0.99476815183519,0.09075978838263846,0.08250580224727977,0.08250580224727977,-0.035963172447703494,0.035963172447703494,0.044052958331292746,0.044052958331292746,-0.047920395192864174,0.047920395192864174,0.004349549263467534,0.004349549263467534,0.008245572440330251,0.008245572440330251,-0.2176972680731974,0.2176972680731974,-0.004656197582223846,0.004656197582223846,-0.02398122539951597,0.02398122539951597,-0.03304996920761345,0.03304996920761345,-0.014808793184747315,0.014808793184747315,0.042684729787828744,0.07686634603191717
2,32347,add_frac_0.3000_nadd_600,7,2000,2600,600,0.3,1600,400,2080,520,480,120,0.0004372186093046523,0.0004372186093046523,1748,3015,1267,0.874,1.1596153846153847,2600,2080,520,0.2,0.01,2,0.015,2.25,21.4115,21.675,7.5,100.0,1.3490214536493423,0.9983788748524871,9,0.013966477637517736,0.16193471378358082,9,-0.5010480929514256,0.9577251020584435,10,5.106923076923077,5.106923076923077,0.530652997306428,1.965883621333798,139.0,1308,1594,430.76537013801754,2830.0,0.02984943538268507,0.19,133.0,quantile_fallback,0.0,0.9951285466327767,7,0.21469422239120808,0.04103515057796008,0.0728162684725014,2.3222941276850406,0.052822183760150666,0.9443737356350133,0.010825572499400785,5.068498883928571,0.5119577138928402,0.0,1.0,1,0.14285714285714285,160,0.12916732614857768,0.9041712830400438,0.06451364458920258,0.9961777018423849,0.16885775559008342,0.08250580224727977,0.08250580224727977,-0.035963172447703494,0.035963172447703494,0.044052958331292746,0.044052958331292746,-0.047920395192864174,0.047920395192864174,0.004349549263467534,0.004349549263467534,-0.026387372550013846,0.026387372550013846,-0.2098473202817949,0.2098473202817949,-0.00025237717231882915,0.00025237717231882915,-0.03268183700637095,0.03268183700637095,-0.01662989159372151,0.01662989159372151,-0.006765275185333014,0.006765275185333014,0.042684729787828744,0.07882902333470919
